settlement_date,merchant_id,card_scheme,transaction_count,total_amount,total_interchange_fee,total_scheme_fee,total_acquirer_fee,total_net_settlement,avg_processing_time
2025-06-14,BA_CALLCENTER_001,AMEX,1,15.92,0.4,0.1,0.08,15.34,1728.0
2025-06-14,BA_CALLCENTER_001,DISCOVER,4,531.7994016970356,3.55,0.89,1.12,216.58,1208.0
2025-06-14,BA_CALLCENTER_001,MASTERCARD,1,110.21,1.54,0.39,0.55,107.73,1761.0
2025-06-14,BA_CALLCENTER_001,VISA,4,594.4,8.92,2.38,2.98,580.12,1088.5
2025-06-14,BA_ECOM_001,AMEX,1,464.12,11.6,2.78,2.32,447.42,792.0
2025-06-14,BA_ECOM_001,DISCOVER,3,589.73,9.44,2.36,2.95,574.98,1081.3333333333333
2025-06-14,BA_ECOM_001,MASTERCARD,4,865.46,12.12,3.04,4.33,845.97,1451.0
2025-06-14,BA_ECOM_001,VISA,2,1459.4399999999998,21.89,5.83,7.3,1424.4199999999998,1306.5
2025-06-14,BA_ECOM_002,AMEX,2,247.05,6.18,1.48,1.24,238.15,241.0
2025-06-14,BA_ECOM_002,DISCOVER,2,393.45,6.29,1.57,1.9700000000000002,383.61999999999995,1180.5
2025-06-14,BA_ECOM_002,MASTERCARD,5,1706.46,23.89,5.98,8.52,1668.07,1437.8
2025-06-14,BA_ECOM_002,VISA,1,61.1,0.92,0.24,0.31,59.63,361.0
2025-06-14,BA_KIOSK_001,DISCOVER,1,12.06,0.19,0.05,0.06,11.76,1494.0
2025-06-14,BA_KIOSK_001,MASTERCARD,4,93.22,1.31,0.34,0.45999999999999996,91.11,1230.0
2025-06-14,BA_KIOSK_001,VISA,4,190.63,2.85,0.77,0.95,186.06,933.0
2025-06-14,BA_MOBILE_001,AMEX,6,216.17999999999998,5.4,1.3,1.08,208.39999999999998,1285.1666666666667
2025-06-14,BA_MOBILE_001,DISCOVER,2,90.03999999999999,1.44,0.36,0.45,87.78999999999999,1319.5
2025-06-14,BA_MOBILE_001,MASTERCARD,2,183.27,2.5700000000000003,0.64,0.91,179.15,1027.5
2025-06-14,BA_MOBILE_001,VISA,2,111.44,1.67,0.45,0.56,108.75999999999999,1547.5
2025-06-14,BA_PARTNER_001,AMEX,4,307.7,7.6899999999999995,1.85,1.54,296.62,1406.25
2025-06-14,BA_PARTNER_001,DISCOVER,3,112.97,1.8,0.45,0.5700000000000001,110.15,946.6666666666666
2025-06-14,BA_PARTNER_001,MASTERCARD,3,297.65999999999997,4.17,1.04,1.49,290.96000000000004,521.0
2025-06-14,BA_PARTNER_001,VISA,6,1556.97,23.36,6.220000000000001,7.78,1519.6100000000001,1060.6666666666667
2025-06-14,BA_PARTNER_002,AMEX,4,185.84,4.64,1.1099999999999999,0.9299999999999999,179.16000000000003,828.0
2025-06-14,BA_PARTNER_002,DISCOVER,1,10.0,0.16,0.04,0.05,9.75,1828.0
2025-06-14,BA_PARTNER_002,MASTERCARD,2,313.22999999999996,4.38,1.1,1.56,306.19,571.5
2025-06-14,BA_PARTNER_002,VISA,2,292.96,4.39,1.17,1.46,285.94,1097.0
2025-06-15,BA_CALLCENTER_001,AMEX,9,1277.26,31.919999999999998,7.67,6.37,1231.3000000000002,922.1111111111111
2025-06-15,BA_CALLCENTER_001,DISCOVER,5,427.39,6.84,1.7100000000000002,2.13,416.71,977.0
2025-06-15,BA_CALLCENTER_001,MASTERCARD,17,2411.96,33.78,8.45,12.05,2357.6800000000003,884.4117647058823
2025-06-15,BA_CALLCENTER_001,VISA,6,872.0600000000001,13.08,3.4899999999999998,4.359999999999999,851.13,1086.3333333333333
2025-06-15,BA_ECOM_001,AMEX,15,4439.9800000000005,110.99000000000001,26.64,22.21,4280.14,3680.0
2025-06-15,BA_ECOM_001,DISCOVER,10,3731.52,59.71,14.92,18.65,3638.2400000000002,1075.8
2025-06-15,BA_ECOM_001,MASTERCARD,16,3626.25,50.769999999999996,12.71,18.13,3544.6400000000003,840.6875
2025-06-15,BA_ECOM_001,VISA,8,1306.44,19.61,5.23,6.54,1275.06,998.625
2025-06-15,BA_ECOM_002,AMEX,12,5329.65,133.23000000000002,31.990000000000002,26.630000000000003,5137.8,1158.3333333333333
2025-06-15,BA_ECOM_002,DISCOVER,12,1524.8500000000001,22.51533287752085,6.09,7.64,1486.72,1090.0833333333333
2025-06-15,BA_ECOM_002,MASTERCARD,7,936.82,13.110000000000001,3.29,4.69,915.73,612.0
2025-06-15,BA_ECOM_002,VISA,15,2359.18,35.35,9.42,11.8,2302.61,976.6
2025-06-15,BA_KIOSK_001,AMEX,8,645.12,16.12,3.86,3.23,621.91,978.625
2025-06-15,BA_KIOSK_001,DISCOVER,13,859.22,13.74,3.42,4.28,837.78,1406.7692307692307
2025-06-15,BA_KIOSK_001,MASTERCARD,9,751.39,10.52,2.64,3.75,734.48,1483.111111111111
2025-06-15,BA_KIOSK_001,VISA,13,1287.2,19.3,5.17,6.41,1256.32,1247.5384615384614
2025-06-15,BA_MOBILE_001,AMEX,8,399.28,9.99,2.41,2.0100000000000002,384.87,1163.25
2025-06-15,BA_MOBILE_001,DISCOVER,8,469.18,7.51,1.8900000000000001,2.34,457.44,3662.875
2025-06-15,BA_MOBILE_001,MASTERCARD,14,619.49,8.68,2.16,3.1,605.55,887.6428571428571
2025-06-15,BA_MOBILE_001,VISA,12,649.07,9.305364737403789,2.6,3.25,633.49,1392.9166666666667
2025-06-15,BA_PARTNER_001,AMEX,12,2117.75,52.95,12.700000000000001,10.59,2041.51,899.8333333333334
2025-06-15,BA_PARTNER_001,DISCOVER,9,510.96000000000004,8.18,2.0300000000000002,2.56,498.19,1026.111111111111
2025-06-15,BA_PARTNER_001,MASTERCARD,13,617.5899999999999,8.64,2.17,3.08,603.7,1074.923076923077
2025-06-15,BA_PARTNER_001,VISA,9,611.94,9.18,2.44,3.06,597.26,810.0
2025-06-15,BA_PARTNER_002,AMEX,15,1877.1113025071922,36.75,8.82,7.36,1416.85,1265.8
2025-06-15,BA_PARTNER_002,DISCOVER,20,15966.798524968617,73.08,18.27,22.85,4452.7300000000005,2798.65
2025-06-15,BA_PARTNER_002,MASTERCARD,9,807.96,11.32,2.83,4.03,789.78,903.6666666666666
2025-06-15,BA_PARTNER_002,VISA,11,1143.2503871712013,18.990000000000002,5.0600000000000005,6.33,1234.66,1062.1818181818182
2025-06-16,BA_CALLCENTER_001,AMEX,15,1307.29,32.68,7.84,6.54,1260.23,985.8666666666667
2025-06-16,BA_CALLCENTER_001,DISCOVER,11,3834.54,61.35000000000001,15.33,19.17,3738.69,1219.1818181818182
2025-06-16,BA_CALLCENTER_001,MASTERCARD,15,901.27,12.142265388700087,3.16,4.51,880.99,1348.7333333333333
2025-06-16,BA_CALLCENTER_001,VISA,10,497.96999999999997,7.47,1.99,2.49,486.02,1103.6
2025-06-16,BA_ECOM_001,AMEX,8,1235.43,30.88,7.41,6.18,1190.96,1000.5
2025-06-16,BA_ECOM_001,DISCOVER,10,2406.04,38.49,9.63,12.030000000000001,2345.89,945.2
2025-06-16,BA_ECOM_001,MASTERCARD,11,3621.36,50.67,12.68,18.12,3539.89,857.0909090909091
2025-06-16,BA_ECOM_001,VISA,10,2173.43,32.6,8.7,10.87,2121.26,815.8
2025-06-16,BA_ECOM_002,AMEX,12,1818.6200000000001,45.46,10.91,9.1,1753.15,1169.0833333333333
2025-06-16,BA_ECOM_002,DISCOVER,5,1184.63,18.96,4.74,5.91,1155.02,626.0
2025-06-16,BA_ECOM_002,MASTERCARD,13,1793.6499999999999,25.13,6.29,8.96,1753.27,1253.6153846153845
2025-06-16,BA_ECOM_002,VISA,10,1469.2,22.04,5.88,7.36,1433.92,1020.3
2025-06-16,BA_KIOSK_001,AMEX,11,712.0,17.8,4.279999999999999,3.56,686.36,1044.2727272727273
2025-06-16,BA_KIOSK_001,DISCOVER,16,3045.7000000000003,48.563076131901425,12.2,15.22,2969.57,1033.25
2025-06-16,BA_KIOSK_001,MASTERCARD,14,3017.5800000000004,42.036942151971175,10.56,15.09,2949.7,1047.5
2025-06-16,BA_KIOSK_001,VISA,5,1200.17,18.0,4.8,6.0,1171.37,918.4
2025-06-16,BA_MOBILE_001,AMEX,10,271.93,6.78,1.6300000000000001,1.35,262.17,1092.5
2025-06-16,BA_MOBILE_001,DISCOVER,13,698.94,11.17,2.8,3.49,680.3701335812195,764.1538461538462
2025-06-16,BA_MOBILE_001,MASTERCARD,13,517.38,7.2700000000000005,1.82,2.6,505.69,932.1538461538462
2025-06-16,BA_MOBILE_001,VISA,18,813.68,12.2,3.24,4.07,794.17,1150.6666666666667
2025-06-16,BA_PARTNER_001,AMEX,12,1263.68,31.59,7.56,6.32,1218.21,1076.0833333333333
2025-06-16,BA_PARTNER_001,DISCOVER,15,2079.81,33.28,8.31,10.4,2027.82,1015.6666666666666
2025-06-16,BA_PARTNER_001,MASTERCARD,12,471.66,6.61,1.6600000000000001,2.36,461.03,1213.5
2025-06-16,BA_PARTNER_001,VISA,11,2963.9300000000003,44.46,11.86,14.81,2892.7999999999997,991.2727272727273
2025-06-16,BA_PARTNER_002,AMEX,13,1196.3916851678666,30.56,7.34,6.109999999999999,1191.7760164600677,1141.4615384615386
2025-06-16,BA_PARTNER_002,DISCOVER,6,466.15,7.46,1.86,2.32,454.51,844.6666666666666
2025-06-16,BA_PARTNER_002,MASTERCARD,12,716.79,10.05,2.49,3.59,700.66,1050.9166666666667
2025-06-16,BA_PARTNER_002,VISA,11,1206.89,18.099999999999998,4.84,6.04,1177.91,1212.5454545454545
2025-06-17,BA_CALLCENTER_001,AMEX,12,909.52,22.740000000000002,5.47,4.54,876.77,1164.9166666666667
2025-06-17,BA_CALLCENTER_001,DISCOVER,9,1610.72,25.79,6.44,8.05,1570.44,731.2222222222222
2025-06-17,BA_CALLCENTER_001,MASTERCARD,11,1917.57,26.85,6.71,9.58,1874.4299999999998,1126.7272727272727
2025-06-17,BA_CALLCENTER_001,VISA,13,554.84,8.32,2.22,2.7600000000000002,541.54,1048.923076923077
2025-06-17,BA_ECOM_001,AMEX,13,3329.14,83.22,19.959999999999997,16.64,3209.32,1124.4615384615386
2025-06-17,BA_ECOM_001,DISCOVER,20,4533.93,72.55,18.13,22.67,4420.58,1031.25
2025-06-17,BA_ECOM_001,MASTERCARD,14,2715.93,38.01,9.52,13.57,2654.83,1177.357142857143
2025-06-17,BA_ECOM_001,VISA,9,1612.45,24.19,6.4399999999999995,8.059999999999999,1573.76,1247.7777777777778
2025-06-17,BA_ECOM_002,AMEX,6,2932.44,73.32,17.59,14.66,2826.87,1284.3333333333333
2025-06-17,BA_ECOM_002,DISCOVER,8,1159.77,18.57,4.62,5.8,1130.78,1286.375
2025-06-17,BA_ECOM_002,MASTERCARD,9,2141.17,29.98,7.5,10.72,2092.97,1295.5555555555557
2025-06-17,BA_ECOM_002,VISA,11,1993.4299999999998,29.91,7.99,9.97,1945.56,965.6363636363636
2025-06-17,BA_KIOSK_001,AMEX,11,1102.02,27.54,6.62,5.51,1062.35,705.8181818181819
2025-06-17,BA_KIOSK_001,DISCOVER,13,1283.94,20.54,5.140000000000001,6.43,1251.83,884.0
2025-06-17,BA_KIOSK_001,MASTERCARD,10,4080.16,57.12,14.290000000000001,20.4,3988.35,1559.3
2025-06-17,BA_KIOSK_001,VISA,4,293.15999999999997,4.4,1.17,1.48,286.11,1089.25
2025-06-17,BA_MOBILE_001,AMEX,11,534.39,13.35,3.19,2.67,515.18,898.5454545454545
2025-06-17,BA_MOBILE_001,DISCOVER,12,398.72,6.37,1.59,2.0,388.76,1010.0
2025-06-17,BA_MOBILE_001,MASTERCARD,6,171.76,2.4,0.61,0.85,167.9,1172.1666666666667
2025-06-17,BA_MOBILE_001,VISA,7,257.42,3.85,1.02,1.29,251.26,780.4285714285714
2025-06-17,BA_PARTNER_001,AMEX,11,1266.18,31.66,7.6000000000000005,6.3100000000000005,1220.6100000000001,1043.6363636363637
2025-06-17,BA_PARTNER_001,DISCOVER,8,1162.2800000000002,18.599999999999998,4.640000000000001,5.8100000000000005,1133.23,1335.25
2025-06-17,BA_PARTNER_001,MASTERCARD,13,1707.5900000000001,23.92,5.9799999999999995,8.54,1669.15,845.2307692307693
2025-06-17,BA_PARTNER_001,VISA,12,977.4399999999999,14.67,3.89,4.890000000000001,953.99,882.75
2025-06-17,BA_PARTNER_002,AMEX,9,1256.97,31.42,7.550000000000001,6.29,1211.7099999999998,947.1111111111111
2025-06-17,BA_PARTNER_002,DISCOVER,12,1575.45,25.21,6.3,7.87,1570.6623780768664,927.6666666666666
2025-06-17,BA_PARTNER_002,MASTERCARD,12,944.4499999999999,13.22,3.31,4.720000000000001,923.2,973.75
2025-06-17,BA_PARTNER_002,VISA,11,2272.78,34.09,9.09,11.35,2218.25,1130.090909090909
2025-06-18,BA_CALLCENTER_001,AMEX,7,414.7,10.370000000000001,2.48,2.08,399.77,1285.4285714285713
2025-06-18,BA_CALLCENTER_001,DISCOVER,14,1211.98,19.400000000000002,4.8500000000000005,6.0600000000000005,1181.67,1396.0714285714287
2025-06-18,BA_CALLCENTER_001,MASTERCARD,15,1105.8400000000001,15.48,3.87,5.5200000000000005,1080.97,1092.5333333333333
2025-06-18,BA_CALLCENTER_001,VISA,10,698.03,10.46,2.7800000000000002,3.48,681.3100000000001,997.3
2025-06-18,BA_ECOM_001,AMEX,13,2852.0,71.3,17.11,14.25,2749.34,1180.7692307692307
2025-06-18,BA_ECOM_001,DISCOVER,17,5594.679999999999,89.51,22.39,27.99,5454.79,989.5294117647059
2025-06-18,BA_ECOM_001,MASTERCARD,19,3509.42,49.12,12.290000000000001,17.55,3430.46,1116.5263157894738
2025-06-18,BA_ECOM_001,VISA,17,3534.659067393517,50.17,13.389999999999999,16.72,3263.07,1007.2941176470588
2025-06-18,BA_ECOM_002,AMEX,15,3350.29,83.74,20.1,16.740000000000002,3229.71,968.7333333333333
2025-06-18,BA_ECOM_002,DISCOVER,7,1133.6100000000001,18.14,4.54,5.67,1105.26,1292.7142857142858
2025-06-18,BA_ECOM_002,MASTERCARD,5,2621.0899999999997,36.7,9.17,13.11,2562.11,1418.4
2025-06-18,BA_ECOM_002,VISA,9,2078.29,31.18,8.31,10.39,2028.4099999999999,930.1111111111111
2025-06-18,BA_KIOSK_001,AMEX,12,1160.3,29.0,6.97,5.79,1118.54,1066.4166666666667
2025-06-18,BA_KIOSK_001,DISCOVER,12,1324.0,21.18,5.29,6.63,1290.8999999999999,1050.25
2025-06-18,BA_KIOSK_001,MASTERCARD,11,873.52,12.23,3.06,4.35,853.8799999999999,1253.0
2025-06-18,BA_KIOSK_001,VISA,13,1253.02,18.78,5.01,6.27,1222.96,996.0769230769231
2025-06-18,BA_MOBILE_001,AMEX,11,596.23,14.92,3.57,2.98,574.76,1007.7272727272727
2025-06-18,BA_MOBILE_001,DISCOVER,14,695.01,11.12,2.7800000000000002,3.48,677.63,1190.857142857143
2025-06-18,BA_MOBILE_001,MASTERCARD,15,608.35,8.52,2.1500000000000004,3.05,594.63,1049.2666666666667
2025-06-18,BA_MOBILE_001,VISA,6,266.35,4.0,1.07,1.33,259.95,936.0
2025-06-18,BA_PARTNER_001,AMEX,10,643.35,16.08,3.86,3.21,620.2,1052.0
2025-06-18,BA_PARTNER_001,DISCOVER,13,1032.56,16.52,4.14,5.18,1006.72,846.2307692307693
2025-06-18,BA_PARTNER_001,MASTERCARD,12,1017.5500000000001,14.25,3.58,5.08,994.64,1006.25
2025-06-18,BA_PARTNER_001,VISA,9,744.0600000000001,11.16,2.98,3.71,726.21,1354.7777777777778
2025-06-18,BA_PARTNER_002,AMEX,8,982.6800000000001,24.57,5.880000000000001,4.92,947.31,839.0
2025-06-18,BA_PARTNER_002,DISCOVER,11,664.17,10.620000000000001,2.65,3.31,647.59,1158.909090909091
2025-06-18,BA_PARTNER_002,MASTERCARD,16,2261.09,31.66,7.92,11.31,2210.2,870.6875
2025-06-18,BA_PARTNER_002,VISA,20,3121.84,46.81,12.48,15.61,3046.94,1119.85
2025-06-19,BA_CALLCENTER_001,AMEX,7,1107.22,27.66,6.64,5.54,1067.38,1275.2857142857142
2025-06-19,BA_CALLCENTER_001,DISCOVER,16,1286.98,20.580000000000002,5.15,6.44,1254.8100000000002,931.4375
2025-06-19,BA_CALLCENTER_001,MASTERCARD,11,2010.0166509002697,10.09,2.5300000000000002,3.61,705.15,1100.090909090909
2025-06-19,BA_CALLCENTER_001,VISA,13,1053.74,15.809999999999999,4.22,5.2700000000000005,1028.44,4740.538461538462
2025-06-19,BA_ECOM_001,AMEX,11,2177.62,54.44,13.05,10.9,2099.23,1092.3636363636363
2025-06-19,BA_ECOM_001,DISCOVER,14,3538.93,56.6,14.16,17.7,3450.4700000000003,1133.7857142857142
2025-06-19,BA_ECOM_001,MASTERCARD,13,2372.34,33.21,8.309999999999999,11.870000000000001,2318.95,1149.0
2025-06-19,BA_ECOM_001,VISA,12,4310.04,64.65,17.240000000000002,21.55,4206.6,1366.5833333333333
2025-06-19,BA_ECOM_002,AMEX,10,1150.15,28.75,6.9,5.75,1108.75,1080.6
2025-06-19,BA_ECOM_002,DISCOVER,12,3326.54,53.24,13.29,16.64,3243.37,674.0
2025-06-19,BA_ECOM_002,MASTERCARD,7,1376.74,19.28,4.82,6.870000000000001,1345.77,1185.142857142857
2025-06-19,BA_ECOM_002,VISA,12,3657.98,54.86,14.64,18.29,3570.19,996.25
2025-06-19,BA_KIOSK_001,AMEX,11,616.23,15.4,3.71,3.06,594.06,1076.7272727272727
2025-06-19,BA_KIOSK_001,DISCOVER,13,2197.97,35.18,8.799999999999999,10.99,2143.0,1206.4615384615386
2025-06-19,BA_KIOSK_001,MASTERCARD,16,1660.79,23.25,5.84,8.32,1623.3799999999999,1121.9375
2025-06-19,BA_KIOSK_001,VISA,9,1217.88,18.28,4.86,6.09,1188.65,1164.111111111111
2025-06-19,BA_MOBILE_001,AMEX,9,290.38,7.26,1.72,1.46,279.94,947.5555555555555
2025-06-19,BA_MOBILE_001,DISCOVER,7,312.01840836375834,5.54,1.4,1.7200000000000002,337.95,871.2857142857143
2025-06-19,BA_MOBILE_001,MASTERCARD,6,319.44,4.48,1.11,1.5999999999999999,312.25,889.5
2025-06-19,BA_MOBILE_001,VISA,7,230.33839559975405,4.4,1.17,1.46,286.41999999999996,968.4285714285714
2025-06-19,BA_PARTNER_001,AMEX,15,1605.46,40.14,9.64,8.02,1547.66,1063.3333333333333
2025-06-19,BA_PARTNER_001,DISCOVER,15,1912.01,29.799676960929396,7.65,9.53,1864.22,920.8666666666667
2025-06-19,BA_PARTNER_001,MASTERCARD,10,1248.3,17.48,4.38,6.24,1220.2,868.4
2025-06-19,BA_PARTNER_001,VISA,10,2207.77,33.12,8.83,11.03,2154.79,988.9
2025-06-19,BA_PARTNER_002,AMEX,10,1072.37,26.82,6.43,5.36,1033.76,947.6
2025-06-19,BA_PARTNER_002,DISCOVER,8,2153.66,34.45,8.629999999999999,10.77,2099.81,462.625
2025-06-19,BA_PARTNER_002,MASTERCARD,11,1469.32,20.57,5.15,7.36,1423.0643879899906,1014.8181818181819
2025-06-19,BA_PARTNER_002,VISA,6,781.58,11.73,3.12,3.92,762.81,658.6666666666666
2025-06-20,BA_CALLCENTER_001,AMEX,9,665.95,16.63,4.01,3.31,642.0,1125.888888888889
2025-06-20,BA_CALLCENTER_001,DISCOVER,13,1634.45,26.14,6.54,8.18,1591.27442643486,857.8461538461538
2025-06-20,BA_CALLCENTER_001,MASTERCARD,9,1609.49,22.54,5.66,8.05,1573.24,928.1111111111111
2025-06-20,BA_CALLCENTER_001,VISA,9,661.88,9.95,2.66,3.31,645.96,1098.111111111111
2025-06-20,BA_ECOM_001,AMEX,9,1824.21,45.620000000000005,10.95,9.12,1758.5200000000002,700.0
2025-06-20,BA_ECOM_001,DISCOVER,11,2051.16,32.800000000000004,8.21,10.25,2015.4817243836355,1308.090909090909
2025-06-20,BA_ECOM_001,MASTERCARD,6,826.32,11.57,2.9000000000000004,4.14,807.71,1338.5
2025-06-20,BA_ECOM_001,VISA,12,2242.45,33.63,8.97,11.209999999999999,2188.64,1158.9166666666667
2025-06-20,BA_ECOM_002,AMEX,13,10278.34,256.94,61.67,51.38,9908.35,1166.5384615384614
2025-06-20,BA_ECOM_002,DISCOVER,8,2247.74,35.96,8.98,11.24,2191.56,1114.0
2025-06-20,BA_ECOM_002,MASTERCARD,6,643.85,9.02,2.24,3.22,629.37,826.8333333333334
2025-06-20,BA_ECOM_002,VISA,11,2529.7,37.95,10.11,12.65,2468.9900000000002,1243.7272727272727
2025-06-20,BA_KIOSK_001,AMEX,7,1461.55,36.54,8.76,7.3,1408.95,6096.142857142857
2025-06-20,BA_KIOSK_001,DISCOVER,11,1113.97,17.82,4.44,5.57,1086.14,930.1818181818181
2025-06-20,BA_KIOSK_001,MASTERCARD,16,1313.11,18.4,4.58,6.57,1283.56,1088.6875
2025-06-20,BA_KIOSK_001,VISA,8,798.82,11.969999999999999,3.19,4.0,779.66,1213.5
2025-06-20,BA_MOBILE_001,AMEX,13,500.57,12.51,3.0,2.5100000000000002,482.54999999999995,1013.2307692307693
2025-06-20,BA_MOBILE_001,DISCOVER,4,251.06,4.0200000000000005,1.0,1.26,244.78,831.5
2025-06-20,BA_MOBILE_001,MASTERCARD,19,1087.3455467983092,10.489793759040081,2.7,3.84,749.87,1061.6842105263158
2025-06-20,BA_MOBILE_001,VISA,11,369.29,5.55,1.48,1.85,360.40999999999997,1212.7272727272727
2025-06-20,BA_PARTNER_001,AMEX,12,1166.39,29.16,6.9799999999999995,5.83,1124.42,1267.3333333333333
2025-06-20,BA_PARTNER_001,DISCOVER,13,1420.13,22.72,5.68,7.09,1384.6399999999999,1396.923076923077
2025-06-20,BA_PARTNER_001,MASTERCARD,18,1315.17,18.42,4.61,6.5600000000000005,1285.58,759.0555555555555
2025-06-20,BA_PARTNER_001,VISA,10,1162.11,17.44,4.64,5.81,1134.22,1167.9
2025-06-20,BA_PARTNER_002,AMEX,16,694.59,17.35,4.18,3.47,669.59,1349.0
2025-06-20,BA_PARTNER_002,DISCOVER,6,600.88,9.62,2.4,3.0,585.86,984.5
2025-06-20,BA_PARTNER_002,MASTERCARD,10,845.49,11.82,2.97,4.220000000000001,826.48,946.7
2025-06-20,BA_PARTNER_002,VISA,16,886.36,13.29,3.54,4.43,865.1,1076.5
2025-06-21,BA_CALLCENTER_001,AMEX,11,697.28,17.44,4.19,3.48,672.17,3171.909090909091
2025-06-21,BA_CALLCENTER_001,DISCOVER,6,584.9300000000001,9.36,2.34,2.93,570.3,943.5
2025-06-21,BA_CALLCENTER_001,MASTERCARD,8,594.36,8.33,2.0700000000000003,2.98,580.98,812.125
2025-06-21,BA_CALLCENTER_001,VISA,19,1297.36,15.860205891572505,5.16,6.49,1265.385048594887,694.7894736842105
2025-06-21,BA_ECOM_001,AMEX,14,2170.01,54.23,13.01,10.84,2091.93,936.7142857142857
2025-06-21,BA_ECOM_001,DISCOVER,11,2016.0700000000002,32.25,8.06,10.07,1965.69,745.8181818181819
2025-06-21,BA_ECOM_001,MASTERCARD,9,2929.31,41.01,10.25,14.64,2863.4100000000003,1176.0
2025-06-21,BA_ECOM_001,VISA,9,2724.7799999999997,40.88,10.89,13.64,2659.37,875.7777777777778
2025-06-21,BA_ECOM_002,AMEX,10,2778.6,69.47,16.67,13.89,2678.5699999999997,747.5
2025-06-21,BA_ECOM_002,DISCOVER,16,4633.05,74.13,18.54,23.18,4517.2,1028.9375
2025-06-21,BA_ECOM_002,MASTERCARD,13,2910.39,40.739999999999995,10.18,14.56,2844.9100000000003,899.2307692307693
2025-06-21,BA_ECOM_002,VISA,14,4010.19,60.17,16.04,20.07,3913.91,1178.357142857143
2025-06-21,BA_KIOSK_001,AMEX,9,533.72,13.36,3.1999999999999997,2.6799999999999997,514.48,1556.111111111111
2025-06-21,BA_KIOSK_001,DISCOVER,9,559.65,8.96,2.23,2.8,545.66,656.7777777777778
2025-06-21,BA_KIOSK_001,MASTERCARD,7,1931.0800000000002,27.04,6.75,9.639999999999999,1887.65,1340.857142857143
2025-06-21,BA_KIOSK_001,VISA,17,2991.16,44.87,11.97,14.959999999999999,2919.36,1132.4117647058824
2025-06-21,BA_MOBILE_001,AMEX,9,208.81,5.22,1.26,1.04,201.29,1176.0
2025-06-21,BA_MOBILE_001,DISCOVER,13,531.34,8.51,2.12,2.67,518.04,788.9230769230769
2025-06-21,BA_MOBILE_001,MASTERCARD,11,473.78,6.64,1.65,2.38,463.11,1329.8181818181818
2025-06-21,BA_MOBILE_001,VISA,10,823.38,12.34,3.29,4.12,803.63,4386.3
2025-06-21,BA_PARTNER_001,AMEX,11,1241.01,31.04,7.45,6.21,1196.31,1214.5454545454545
2025-06-21,BA_PARTNER_001,DISCOVER,15,1166.53,18.669999999999998,4.68,5.840000000000001,1137.34,1336.0666666666666
2025-06-21,BA_PARTNER_001,MASTERCARD,11,1344.95,18.830000000000002,4.71,6.71,1314.7,737.9090909090909
2025-06-21,BA_PARTNER_001,VISA,7,1068.44,16.03,4.27,5.34,1042.8,1085.0
2025-06-21,BA_PARTNER_002,AMEX,9,561.34,14.05,3.38,2.82,541.09,1122.2222222222222
2025-06-21,BA_PARTNER_002,DISCOVER,12,1061.0,16.98,4.25,5.3,1034.47,1080.25
2025-06-21,BA_PARTNER_002,MASTERCARD,13,832.6,11.66,2.92,4.180000000000001,813.84,1280.4615384615386
2025-06-21,BA_PARTNER_002,VISA,12,1080.01,16.19,4.33,5.4,1054.09,1085.1666666666667
2025-06-22,BA_CALLCENTER_001,AMEX,17,2001.05,50.03,12.01,10.0,1930.2678046915378,1118.4117647058824
2025-06-22,BA_CALLCENTER_001,DISCOVER,8,1901.27,30.43,7.59,9.5,1853.75,1233.125
2025-06-22,BA_CALLCENTER_001,MASTERCARD,12,933.76,13.07,3.2600000000000002,4.6899999999999995,912.74,1141.6666666666667
2025-06-22,BA_CALLCENTER_001,VISA,13,1052.51,15.790000000000001,4.2,5.2700000000000005,1027.25,861.5384615384615
2025-06-22,BA_ECOM_001,AMEX,11,3674.902754720961,95.66,22.96,19.13,3688.17,858.2727272727273
2025-06-22,BA_ECOM_001,DISCOVER,16,1637.24,26.21,6.54,8.19,1596.3,855.3125
2025-06-22,BA_ECOM_001,MASTERCARD,7,950.24,13.31,3.33,4.74,928.86,1278.0
2025-06-22,BA_ECOM_001,VISA,10,2175.87,32.65,8.719999999999999,10.879999999999999,2123.62,1145.5
2025-06-22,BA_ECOM_002,AMEX,10,3273.35,81.84,19.63,16.38,3155.5,824.4
2025-06-22,BA_ECOM_002,DISCOVER,10,6126.77746404337,33.89,8.48,10.59,2065.62,1262.4
2025-06-22,BA_ECOM_002,MASTERCARD,16,3907.7319602041944,56.84,14.219999999999999,20.3,3968.56,1002.6875
2025-06-22,BA_ECOM_002,VISA,8,2396.59,35.94,9.57,11.99,2339.09,872.0
2025-06-22,BA_KIOSK_001,AMEX,12,1195.3400000000001,29.89,7.18,5.97,1152.3,1249.1666666666667
2025-06-22,BA_KIOSK_001,DISCOVER,19,2406.56,38.51,9.629999999999999,12.030000000000001,2467.3334322986525,1064.5263157894738
2025-06-22,BA_KIOSK_001,MASTERCARD,12,1489.46,20.84,5.21,7.48,1455.93,1188.8333333333333
2025-06-22,BA_KIOSK_001,VISA,7,356.11,5.34,1.4300000000000002,1.78,347.56,1142.7142857142858
2025-06-22,BA_MOBILE_001,AMEX,7,305.26,7.62,1.8299999999999998,1.52,294.29,984.4285714285714
2025-06-22,BA_MOBILE_001,DISCOVER,15,704.98,11.27,2.83,3.5300000000000002,687.35,977.9333333333333
2025-06-22,BA_MOBILE_001,MASTERCARD,11,379.36,5.31,1.33,1.89,370.83000000000004,1041.909090909091
2025-06-22,BA_MOBILE_001,VISA,17,1185.56,17.78,4.75,5.92,1141.5835602591674,868.2941176470588
2025-06-22,BA_PARTNER_001,AMEX,9,979.96,24.5,5.88,4.89,944.69,1133.7777777777778
2025-06-22,BA_PARTNER_001,DISCOVER,8,789.24,12.63,3.15,3.95,769.51,805.375
2025-06-22,BA_PARTNER_001,MASTERCARD,9,933.6600000000001,13.07,3.27,4.66,912.6600000000001,1125.6666666666667
2025-06-22,BA_PARTNER_001,VISA,6,842.72,12.65,3.37,4.22,822.48,984.3333333333334
2025-06-22,BA_PARTNER_002,AMEX,11,885.5568534926958,11.22,2.69,2.2399999999999998,431.77,904.2727272727273
2025-06-22,BA_PARTNER_002,DISCOVER,10,2045.25,32.72,8.2,10.23,1994.1000000000001,1047.2
2025-06-22,BA_PARTNER_002,MASTERCARD,15,1102.6399999999999,15.46,3.88,5.5200000000000005,1077.78,1067.9333333333334
2025-06-22,BA_PARTNER_002,VISA,8,805.84,12.1,3.21,4.03,786.5,1211.0
2025-06-23,BA_CALLCENTER_001,AMEX,14,1002.04,25.05,6.02,5.01,965.96,1173.857142857143
2025-06-23,BA_CALLCENTER_001,DISCOVER,11,3001.64,48.019999999999996,12.01,15.01,2926.6,1010.9090909090909
2025-06-23,BA_CALLCENTER_001,MASTERCARD,8,897.91,12.56,3.15,4.49,877.71,849.875
2025-06-23,BA_CALLCENTER_001,VISA,16,870.3,13.05,3.47,4.36,849.42,1053.1875
2025-06-23,BA_ECOM_001,AMEX,10,2686.77,67.17,16.11,13.43,2590.06,994.0
2025-06-23,BA_ECOM_001,DISCOVER,6,1708.6799999999998,27.34,6.84,8.54,1665.96,899.6666666666666
2025-06-23,BA_ECOM_001,MASTERCARD,9,1602.81,22.45,5.6,8.0,1566.76,1178.0
2025-06-23,BA_ECOM_001,VISA,9,1953.6799999999998,29.3,7.83,9.76,1906.79,1339.6666666666667
2025-06-23,BA_ECOM_002,AMEX,12,2347.4,58.68,14.07,11.73,2262.92,910.3333333333334
2025-06-23,BA_ECOM_002,DISCOVER,8,928.52,14.86,3.71,4.64,905.31,925.125
2025-06-23,BA_ECOM_002,MASTERCARD,11,1494.82,20.93,5.23,7.46,1461.2,1031.6363636363637
2025-06-23,BA_ECOM_002,VISA,12,2466.92,37.01,9.879999999999999,12.35,2407.68,824.5833333333334
2025-06-23,BA_KIOSK_001,AMEX,14,1405.65,35.13,8.43,7.03,1355.06,923.2857142857143
2025-06-23,BA_KIOSK_001,DISCOVER,15,923.64,14.77,3.68,4.609999999999999,900.58,1007.7333333333333
2025-06-23,BA_KIOSK_001,MASTERCARD,11,1311.26,18.349999999999998,4.6,6.54,1281.77,1232.5454545454545
2025-06-23,BA_KIOSK_001,VISA,15,1517.49,22.77,6.06,7.59,1481.07,1037.5333333333333
2025-06-23,BA_MOBILE_001,AMEX,9,265.73,6.66,1.6,1.32,256.15,1209.7777777777778
2025-06-23,BA_MOBILE_001,DISCOVER,10,531.01,8.5,2.13,2.65,517.73,1041.9
2025-06-23,BA_MOBILE_001,MASTERCARD,25,1162.4,16.25,4.1,5.8100000000000005,1136.24,1274.48
2025-06-23,BA_MOBILE_001,VISA,6,155.19,2.33,0.63,0.78,151.45,768.0
2025-06-23,BA_PARTNER_001,AMEX,11,1553.48,38.83,9.33,7.76,1497.56,1227.7272727272727
2025-06-23,BA_PARTNER_001,DISCOVER,10,614.27,9.84,2.45,3.06,598.92,1010.4
2025-06-23,BA_PARTNER_001,MASTERCARD,15,1542.35,21.58,5.42,7.72,1507.6299999999999,1160.8
2025-06-23,BA_PARTNER_001,VISA,11,510.98,7.66,2.05,2.56,498.71,1174.3636363636363
2025-06-23,BA_PARTNER_002,AMEX,10,1818.07,44.87598677541853,10.9,9.09,1752.6499999999999,1303.0
2025-06-23,BA_PARTNER_002,DISCOVER,17,1303.27,20.82,5.22,6.52,1270.71,1399.235294117647
2025-06-23,BA_PARTNER_002,MASTERCARD,6,1190.38,16.66,4.16,5.96,1163.6,1067.1666666666667
2025-06-23,BA_PARTNER_002,VISA,15,2772.94,41.59,11.09,13.850000000000001,2706.41,1005.0666666666667
2025-06-24,BA_CALLCENTER_001,AMEX,17,1483.85,37.11,8.89,7.41,1430.44,930.7647058823529
2025-06-24,BA_CALLCENTER_001,DISCOVER,13,1405.1799999999998,22.48,5.62,7.04,1379.0768960163198,907.0769230769231
2025-06-24,BA_CALLCENTER_001,MASTERCARD,7,329.78000000000003,4.63,1.15,1.6400000000000001,322.36,1001.4285714285714
2025-06-24,BA_CALLCENTER_001,VISA,11,1957.69,27.515978362450372,7.83,9.78,1910.71,1028.5454545454545
2025-06-24,BA_ECOM_001,AMEX,12,6159.43,153.99,36.97,30.8,5937.67,996.25
2025-06-24,BA_ECOM_001,DISCOVER,14,4951.1900000000005,79.22,19.82,24.740000000000002,4827.41,5235.428571428572
2025-06-24,BA_ECOM_001,MASTERCARD,7,1027.51,14.370000000000001,3.6,5.14,1004.4,925.0
2025-06-24,BA_ECOM_001,VISA,11,1250.13,18.77,5.01,6.25,1220.1,1263.4545454545455
2025-06-24,BA_ECOM_002,AMEX,10,2199.5,54.98,13.19,10.99,2120.34,996.4
2025-06-24,BA_ECOM_002,DISCOVER,10,2239.8,35.83,8.959999999999999,11.18,2183.83,2972.3
2025-06-24,BA_ECOM_002,MASTERCARD,13,3835.9,53.7,13.44,19.169999999999998,3749.59,1237.2307692307693
2025-06-24,BA_ECOM_002,VISA,15,4834.01,72.51,19.33,24.18,4717.99,1157.8
2025-06-24,BA_KIOSK_001,AMEX,12,1183.09,27.48084867755566,7.08,5.93,1140.5,884.75
2025-06-24,BA_KIOSK_001,DISCOVER,22,2758.66,44.14,11.01,13.78,2689.73,936.3636363636364
2025-06-24,BA_KIOSK_001,MASTERCARD,14,1232.09,17.25,4.33,6.16,1204.35,1209.0714285714287
2025-06-24,BA_KIOSK_001,VISA,17,1329.65,19.93,5.3,6.65,1297.77,1150.4117647058824
2025-06-24,BA_MOBILE_001,AMEX,11,330.13,8.26,1.99,1.65,318.23,858.5454545454545
2025-06-24,BA_MOBILE_001,DISCOVER,13,3767.2430218499244,6.99,1.74,2.16,425.68,874.3846153846154
2025-06-24,BA_MOBILE_001,MASTERCARD,9,471.05999999999995,6.58,1.65,2.37,460.46000000000004,978.0
2025-06-24,BA_MOBILE_001,VISA,10,1063.6926649387474,6.47,1.73,2.16,421.37,1171.2
2025-06-24,BA_PARTNER_001,AMEX,11,1968.5599999999997,49.21,11.799999999999999,9.84,1897.71,1158.4545454545455
2025-06-24,BA_PARTNER_001,DISCOVER,11,778.1500000000001,12.48,3.1,3.87,758.7,1012.5454545454545
2025-06-24,BA_PARTNER_001,MASTERCARD,4,714.06,10.0,2.5,3.57,697.99,648.5
2025-06-24,BA_PARTNER_001,VISA,14,1557.3196421514394,24.78,6.63,8.27,1613.02,1263.4285714285713
2025-06-24,BA_PARTNER_002,AMEX,10,1417.89,35.44,8.52,7.08,1366.85,1003.0
2025-06-24,BA_PARTNER_002,DISCOVER,10,1393.75,22.31,5.58,6.96,1358.9,1135.4
2025-06-24,BA_PARTNER_002,MASTERCARD,13,1250.68,17.52,4.4,6.25,1222.51,1147.4615384615386
2025-06-24,BA_PARTNER_002,VISA,5,1028.44,15.43,4.11,5.14,1003.76,1193.2
2025-06-25,BA_CALLCENTER_001,AMEX,10,693.98,17.36,4.18,3.48,668.96,835.6
2025-06-25,BA_CALLCENTER_001,DISCOVER,16,2105.29,33.699999999999996,8.4,10.52,2052.67,1256.4375
2025-06-25,BA_CALLCENTER_001,MASTERCARD,12,3504.44,49.07,12.25,17.54,3425.58,1133.75
2025-06-25,BA_CALLCENTER_001,VISA,12,648.66,9.336766588311834,2.6,3.25,633.09,698.4166666666666
2025-06-25,BA_ECOM_001,AMEX,13,3007.16,75.19,18.04,15.02,2898.91,953.2307692307693
2025-06-25,BA_ECOM_001,DISCOVER,11,4581.42,73.32,18.33,22.9,4466.87,1053.2727272727273
2025-06-25,BA_ECOM_001,MASTERCARD,17,2256.4,31.59,7.8999999999999995,11.290000000000001,2205.62,1065.1764705882354
2025-06-25,BA_ECOM_001,VISA,12,2933.5,44.0,11.739999999999998,14.68,2863.08,1050.9166666666667
2025-06-25,BA_ECOM_002,AMEX,13,6428.99,160.73000000000002,38.57,32.13,6197.56,1025.6923076923076
2025-06-25,BA_ECOM_002,DISCOVER,5,1270.59,20.33,5.07,6.36,1238.83,821.2
2025-06-25,BA_ECOM_002,MASTERCARD,11,3448.05,48.27,12.08,17.25,3370.45,1014.9090909090909
2025-06-25,BA_ECOM_002,VISA,10,3317.3999999999996,49.760000000000005,13.26,16.59,3237.79,957.0
2025-06-25,BA_KIOSK_001,AMEX,16,1880.8400000000001,47.02,11.28,9.41,1813.1299999999999,1073.25
2025-06-25,BA_KIOSK_001,DISCOVER,8,1188.1000000000001,19.01,4.76,5.95,1158.3799999999999,1048.75
2025-06-25,BA_KIOSK_001,MASTERCARD,15,1987.82,27.82,6.97,9.95,1943.08,1089.7333333333333
2025-06-25,BA_KIOSK_001,VISA,8,1562.9099999999999,23.45,6.25,7.8100000000000005,1525.4,1542.0
2025-06-25,BA_MOBILE_001,AMEX,17,560.74,14.02,3.36,2.81,540.55,1048.7058823529412
2025-06-25,BA_MOBILE_001,DISCOVER,6,433.48,6.94,1.73,2.16,422.65000000000003,1170.6666666666667
2025-06-25,BA_MOBILE_001,MASTERCARD,14,939.05,13.15,3.29,4.7,917.91,1019.5714285714286
2025-06-25,BA_MOBILE_001,VISA,9,500.15,7.48,2.01,2.5,488.16,1087.111111111111
2025-06-25,BA_PARTNER_001,AMEX,9,1038.03,25.95,6.2299999999999995,5.2,1000.65,1023.0
2025-06-25,BA_PARTNER_001,DISCOVER,13,696.17,11.129999999999999,2.8,3.48,678.76,1096.5384615384614
2025-06-25,BA_PARTNER_001,MASTERCARD,7,632.49,8.86,2.23,3.15,618.25,1222.857142857143
2025-06-25,BA_PARTNER_001,VISA,19,2354.55,35.01274586249488,9.41,11.76,2298.0699999999997,2146.842105263158
2025-06-25,BA_PARTNER_002,AMEX,11,2456.1,61.4,14.75,12.28,2356.4769973106613,5083.181818181818
2025-06-25,BA_PARTNER_002,DISCOVER,11,573.46,9.16,2.3,2.87,559.13,867.0
2025-06-25,BA_PARTNER_002,MASTERCARD,8,470.89,6.6,1.65,2.35,460.28999999999996,1103.375
2025-06-25,BA_PARTNER_002,VISA,11,1796.0,26.94,7.18,8.99,1752.89,1272.090909090909
2025-06-26,BA_CALLCENTER_001,AMEX,9,1459.04,36.49,8.75,7.3,1406.5,934.6666666666666
2025-06-26,BA_CALLCENTER_001,DISCOVER,14,2808.04,44.94,11.23,14.04,2737.83,983.4285714285714
2025-06-26,BA_CALLCENTER_001,MASTERCARD,6,581.6,8.14,2.05,2.92,568.49,1134.3333333333333
2025-06-26,BA_CALLCENTER_001,VISA,11,1752.5900000000001,26.3,7.01,8.77,1710.51,3560.090909090909
2025-06-26,BA_ECOM_001,AMEX,15,4424.22,110.60000000000001,26.54,22.1,4264.9800000000005,1321.9333333333334
2025-06-26,BA_ECOM_001,DISCOVER,12,2825.7999999999997,45.21,11.299999999999999,14.129999999999999,2755.16,835.9166666666666
2025-06-26,BA_ECOM_001,MASTERCARD,12,2577.5400000000004,36.07,9.03,12.89,2519.5499999999997,1141.8333333333333
2025-06-26,BA_ECOM_001,VISA,14,3146.67,47.21,12.59,15.74,3071.13,724.4285714285714
2025-06-26,BA_ECOM_002,AMEX,11,1947.8300000000002,48.69,11.69,9.73,1877.72,1148.8181818181818
2025-06-26,BA_ECOM_002,DISCOVER,7,853.07,13.65,3.41,4.26,831.75,1360.0
2025-06-26,BA_ECOM_002,MASTERCARD,17,3616.08,50.63,12.67,18.07,3534.71,1105.1764705882354
2025-06-26,BA_ECOM_002,VISA,12,4333.03,65.0,17.33,21.68,4229.02,966.8333333333334
2025-06-26,BA_KIOSK_001,AMEX,16,995.15,24.86,5.97,4.96,959.36,975.6875
2025-06-26,BA_KIOSK_001,DISCOVER,8,906.2900000000001,14.51,3.62,4.53,883.63,917.0
2025-06-26,BA_KIOSK_001,MASTERCARD,19,4165.92,58.33,14.600000000000001,20.82,4072.17,1026.0526315789473
2025-06-26,BA_KIOSK_001,VISA,13,940.75,14.11,3.76,4.7,918.1800000000001,1182.6923076923076
2025-06-26,BA_MOBILE_001,AMEX,13,654.23,16.36,3.93,3.2800000000000002,630.66,1006.6923076923077
2025-06-26,BA_MOBILE_001,DISCOVER,10,313.9,5.010000000000001,1.26,1.56,306.07,1088.4
2025-06-26,BA_MOBILE_001,MASTERCARD,7,322.01,4.51,1.13,1.62,314.75,1184.4285714285713
2025-06-26,BA_MOBILE_001,VISA,14,591.48,8.87,2.38,2.95,577.28,927.6428571428571
2025-06-26,BA_PARTNER_001,AMEX,12,4117.93,102.97,24.7,20.6,3969.6600000000003,1021.8333333333334
2025-06-26,BA_PARTNER_001,DISCOVER,13,783.48,12.54,3.12,3.91,763.91,1273.3846153846155
2025-06-26,BA_PARTNER_001,MASTERCARD,12,3241.23,45.37,11.34,16.21,3168.31,1162.25
2025-06-26,BA_PARTNER_001,VISA,8,539.42,8.09,2.15,2.69,526.49,656.0
2025-06-26,BA_PARTNER_002,AMEX,15,2138.19,53.46,12.82,10.69,2061.2200000000003,1084.2666666666667
2025-06-26,BA_PARTNER_002,DISCOVER,9,1160.77,18.57,4.64,5.82,1131.74,1304.6666666666667
2025-06-26,BA_PARTNER_002,MASTERCARD,15,2045.98,28.64,7.16,10.25,1999.93,1131.3333333333333
2025-06-26,BA_PARTNER_002,VISA,9,467.32000000000005,7.01,1.8699999999999999,2.33,456.10999999999996,1119.7777777777778
2025-06-27,BA_CALLCENTER_001,AMEX,5,755.8,18.900000000000002,4.53,3.78,728.59,997.0
2025-06-27,BA_CALLCENTER_001,DISCOVER,9,498.90999999999997,7.97,2.0,2.5,486.44,1204.111111111111
2025-06-27,BA_CALLCENTER_001,MASTERCARD,10,1911.3100000000002,26.749999999999996,6.68,9.55,1868.33,1051.8
2025-06-27,BA_CALLCENTER_001,VISA,7,1426.24,21.4,5.699999999999999,7.13,1392.01,720.4285714285714
2025-06-27,BA_ECOM_001,AMEX,14,3727.95,93.2,22.37,18.62,3593.7599999999998,836.3571428571429
2025-06-27,BA_ECOM_001,DISCOVER,12,2460.66,39.36,9.850000000000001,12.31,2399.14,1252.6666666666667
2025-06-27,BA_ECOM_001,MASTERCARD,20,4883.74,68.38000000000001,17.09,24.43,4773.84,880.1
2025-06-27,BA_ECOM_001,VISA,14,4689.500000000001,70.33,18.77,23.44,4576.96,986.8571428571429
2025-06-27,BA_ECOM_002,AMEX,9,2035.25,50.879999999999995,12.21,10.17,1961.99,1045.6666666666667
2025-06-27,BA_ECOM_002,DISCOVER,11,3497.81,55.94,13.989999999999998,17.49,3410.39,1320.4545454545455
2025-06-27,BA_ECOM_002,MASTERCARD,10,2480.83,34.74,8.67,12.41,2425.0099999999998,1070.6
2025-06-27,BA_ECOM_002,VISA,9,1223.28,18.36,4.8999999999999995,6.12,1193.9,721.8888888888889
2025-06-27,BA_KIOSK_001,AMEX,5,456.03000000000003,11.39,2.73,2.2800000000000002,439.63,1407.2
2025-06-27,BA_KIOSK_001,DISCOVER,9,523.64,8.38,2.08,2.63,510.55,4664.0
2025-06-27,BA_KIOSK_001,MASTERCARD,14,1248.8600000000001,17.48,4.39,6.24,1220.75,1036.642857142857
2025-06-27,BA_KIOSK_001,VISA,10,1999.22,29.990000000000002,7.99,10.0,1951.24,970.5
2025-06-27,BA_MOBILE_001,AMEX,12,515.88,12.89,3.08,2.58,497.33,1138.9166666666667
2025-06-27,BA_MOBILE_001,DISCOVER,12,449.64,7.2,1.78,2.25,438.40999999999997,1100.0
2025-06-27,BA_MOBILE_001,MASTERCARD,8,266.61,2.8918425613048897,0.9400000000000001,1.33,260.61,1156.875
2025-06-27,BA_MOBILE_001,VISA,14,579.3299999999999,8.69,2.3200000000000003,2.9,565.4200000000001,1131.9285714285713
2025-06-27,BA_PARTNER_001,AMEX,15,1943.8,48.61,11.66,9.73,1873.8,1066.6666666666667
2025-06-27,BA_PARTNER_001,DISCOVER,19,1143.18,18.29,4.57,5.71,1114.61,1188.7368421052631
2025-06-27,BA_PARTNER_001,MASTERCARD,14,3175.1400000000003,44.46,11.1,15.9,3103.68,1323.4285714285713
2025-06-27,BA_PARTNER_001,VISA,9,817.63,12.27,3.27,4.1,797.99,7517.777777777777
2025-06-27,BA_PARTNER_002,AMEX,13,1587.86,39.71,9.53,7.9399999999999995,1530.6799999999998,960.6923076923077
2025-06-27,BA_PARTNER_002,DISCOVER,12,1142.1200000000001,18.25,4.57,5.71,1113.5900000000001,1158.5833333333333
2025-06-27,BA_PARTNER_002,MASTERCARD,14,721.99,10.120000000000001,2.54,3.6100000000000003,705.72,1241.5
2025-06-27,BA_PARTNER_002,VISA,15,1440.17,21.58,5.7299999999999995,7.19,1405.67,1160.2
2025-06-28,BA_CALLCENTER_001,AMEX,9,813.96,20.35,4.88,4.06,784.6700000000001,936.8888888888889
2025-06-28,BA_CALLCENTER_001,DISCOVER,13,1930.57,30.9,7.72,9.65,1882.3,812.9230769230769
2025-06-28,BA_CALLCENTER_001,MASTERCARD,7,475.26,6.65,1.6800000000000002,2.38,464.55,1166.5714285714287
2025-06-28,BA_CALLCENTER_001,VISA,12,1333.12,19.990000000000002,5.33,6.67,1301.13,1271.1666666666667
2025-06-28,BA_ECOM_001,AMEX,15,3542.47,88.58,21.26,17.72,3414.91,1149.4
2025-06-28,BA_ECOM_001,DISCOVER,12,3460.04,55.36,13.86,17.3,3373.52,1097.4166666666667
2025-06-28,BA_ECOM_001,MASTERCARD,15,4190.89,58.67,14.66,20.94,4096.62,1158.4666666666667
2025-06-28,BA_ECOM_001,VISA,11,2231.8,33.47,8.93,11.15,2178.25,1038.8181818181818
2025-06-28,BA_ECOM_002,AMEX,5,1334.44,33.37,8.01,6.66,1286.4,797.8
2025-06-28,BA_ECOM_002,DISCOVER,15,2999.02,47.98,11.99,14.98,2924.07,919.8666666666667
2025-06-28,BA_ECOM_002,MASTERCARD,12,5682.2,79.58,19.89,28.419999999999998,5554.31,929.4166666666666
2025-06-28,BA_ECOM_002,VISA,8,4404.52,66.07,17.62,22.02,4298.81,1126.875
2025-06-28,BA_KIOSK_001,AMEX,10,863.29,17.739690505418913,5.17,4.32,832.23,806.6
2025-06-28,BA_KIOSK_001,DISCOVER,14,2267.2599999999998,36.27,9.06,11.31,2210.62,1416.0714285714287
2025-06-28,BA_KIOSK_001,MASTERCARD,7,623.22,8.72,2.19,3.11,609.1999999999999,1366.857142857143
2025-06-28,BA_KIOSK_001,VISA,16,3329.65984127582,44.63720173929201,12.33,15.4,3005.61,1095.0625
2025-06-28,BA_MOBILE_001,AMEX,8,296.67,7.43,1.79,1.49,285.96,839.125
2025-06-28,BA_MOBILE_001,DISCOVER,8,540.23,8.63,2.16,2.71,526.73,1106.125
2025-06-28,BA_MOBILE_001,MASTERCARD,19,701.38,9.81,2.45,3.5,685.62,1131.157894736842
2025-06-28,BA_MOBILE_001,VISA,10,435.32,6.53,1.73,2.17,424.89000000000004,1061.0
2025-06-28,BA_PARTNER_001,AMEX,10,1201.19,30.04,7.199999999999999,6.01,1157.94,1277.5
2025-06-28,BA_PARTNER_001,DISCOVER,15,1557.65,24.919999999999998,6.239999999999999,7.8,1518.69,1130.4666666666667
2025-06-28,BA_PARTNER_001,MASTERCARD,15,3831.5052734947167,33.39,8.360000000000001,11.91,2337.623627455035,1047.4666666666667
2025-06-28,BA_PARTNER_001,VISA,7,3355.9500000000003,50.35,13.41,16.8,3275.39,1010.8571428571429
2025-06-28,BA_PARTNER_002,AMEX,8,772.86,19.33,4.640000000000001,3.8600000000000003,745.03,1171.5
2025-06-28,BA_PARTNER_002,DISCOVER,3,121.88,1.95,0.49,0.6100000000000001,118.83,701.6666666666666
2025-06-28,BA_PARTNER_002,MASTERCARD,11,730.12,10.22,2.56,3.64,713.7,1028.909090909091
2025-06-28,BA_PARTNER_002,VISA,11,2087.49,31.31,8.36,10.44,2037.38,825.7272727272727
2025-06-29,BA_CALLCENTER_001,AMEX,7,476.83,11.91,2.87,2.39,459.66,1187.142857142857
2025-06-29,BA_CALLCENTER_001,DISCOVER,8,1100.52,17.6,4.4,5.49,1073.03,741.375
2025-06-29,BA_CALLCENTER_001,MASTERCARD,12,963.49,13.51,3.37,4.83,941.78,1083.75
2025-06-29,BA_CALLCENTER_001,VISA,11,1748.72,26.220000000000002,7.0,8.749999999999998,1706.75,816.3636363636364
2025-06-29,BA_ECOM_001,AMEX,6,1241.34,31.029999999999998,7.45,6.21,1196.65,1255.5
2025-06-29,BA_ECOM_001,DISCOVER,12,2971.28,47.550000000000004,11.87,14.84,2897.02,747.0833333333334
2025-06-29,BA_ECOM_001,MASTERCARD,11,3158.73,43.63456594501016,11.049999999999999,15.809999999999999,3087.65,807.0909090909091
2025-06-29,BA_ECOM_001,VISA,8,12743.444375827126,20.36,5.4399999999999995,6.79,1324.6100000000001,1290.25
2025-06-29,BA_ECOM_002,AMEX,14,2343.4328418104005,89.35,21.45,17.86,3445.54,1195.9285714285713
2025-06-29,BA_ECOM_002,DISCOVER,5,1896.78,30.34,7.59,9.49,1849.3600000000001,1287.6
2025-06-29,BA_ECOM_002,MASTERCARD,15,1977.09,27.689999999999998,6.92,9.89,1932.59,1219.3333333333333
2025-06-29,BA_ECOM_002,VISA,6,1277.6100000000001,19.17,5.11,6.390000000000001,1246.94,938.0
2025-06-29,BA_KIOSK_001,AMEX,15,1736.35,43.39,10.42,8.69,1673.85,978.7333333333333
2025-06-29,BA_KIOSK_001,DISCOVER,5,457.51,7.31,1.84,2.28,446.08,1453.8
2025-06-29,BA_KIOSK_001,MASTERCARD,10,1419.5300000000002,19.87,4.99,7.09,1387.58,837.1
2025-06-29,BA_KIOSK_001,VISA,10,1427.9298104654104,5.93,1.58,1.98,386.02000000000004,1192.2
2025-06-29,BA_MOBILE_001,AMEX,10,314.03,7.84,1.8900000000000001,1.57,302.73,661.5
2025-06-29,BA_MOBILE_001,DISCOVER,7,388.44,6.22,1.56,1.94,378.72,758.1428571428571
2025-06-29,BA_MOBILE_001,MASTERCARD,8,252.69,3.54,0.8900000000000001,1.24,247.02,989.5
2025-06-29,BA_MOBILE_001,VISA,9,427.49,6.42,1.7,2.1399999999999997,417.23,894.5555555555555
2025-06-29,BA_PARTNER_001,AMEX,14,3546.610166085474,26.349999999999998,6.31,5.26,1015.9300000000001,1250.0714285714287
2025-06-29,BA_PARTNER_001,DISCOVER,8,460.73,7.38,1.83,2.3000000000000003,449.22,975.5
2025-06-29,BA_PARTNER_001,MASTERCARD,16,1279.15,17.91,4.49,6.38,1250.37,1114.5
2025-06-29,BA_PARTNER_001,VISA,14,1248.24,18.72,5.0,6.24,1218.28,4272.357142857143
2025-06-29,BA_PARTNER_002,AMEX,12,1087.02,27.17,6.53,5.43,1047.89,759.0
2025-06-29,BA_PARTNER_002,DISCOVER,12,917.97,14.69,3.67,4.59,895.02,867.8333333333334
2025-06-29,BA_PARTNER_002,MASTERCARD,14,1228.6299999999999,17.2,4.29,6.14,1201.0,952.5714285714286
2025-06-29,BA_PARTNER_002,VISA,11,1022.6800000000001,15.33,4.09,5.11,998.15,875.3636363636364
2025-06-30,BA_CALLCENTER_001,AMEX,14,2039.8099999999997,51.0,12.229999999999999,10.200000000000001,1966.38,1109.9285714285713
2025-06-30,BA_CALLCENTER_001,DISCOVER,11,1930.76,30.900000000000002,7.73,9.66,1882.47,1143.3636363636363
2025-06-30,BA_CALLCENTER_001,MASTERCARD,11,910.6600000000001,12.75,3.18,4.55,890.18,891.7272727272727
2025-06-30,BA_CALLCENTER_001,VISA,15,713.16,10.71,2.85,3.56,696.04,909.8666666666667
2025-06-30,BA_ECOM_001,AMEX,9,1963.68,49.1,11.78,9.82,1895.1953797669191,1003.7777777777778
2025-06-30,BA_ECOM_001,DISCOVER,9,1080.27,17.29,4.32,5.41,1053.25,1290.4444444444443
2025-06-30,BA_ECOM_001,MASTERCARD,15,4290.3099999999995,60.08,15.02,21.439999999999998,4193.77,1080.4666666666667
2025-06-30,BA_ECOM_001,VISA,13,2189.64,32.85,8.76,10.94,2137.09,896.0
2025-06-30,BA_ECOM_002,AMEX,11,2222.1,55.57,13.34,11.120000000000001,2142.0699999999997,983.3636363636364
2025-06-30,BA_ECOM_002,DISCOVER,15,2506.42,40.1,10.02,12.540000000000001,2443.76,805.5333333333333
2025-06-30,BA_ECOM_002,MASTERCARD,12,1927.29,27.0,6.73,9.64,1883.92,917.0833333333334
2025-06-30,BA_ECOM_002,VISA,20,9683.425122999244,77.9,20.79,25.99,5068.3099999999995,990.5
2025-06-30,BA_KIOSK_001,AMEX,12,1231.64,30.8,7.3999999999999995,6.16,1187.28,827.0833333333334
2025-06-30,BA_KIOSK_001,DISCOVER,14,1561.51,25.0,6.23,7.8100000000000005,1522.4496750801868,897.0714285714286
2025-06-30,BA_KIOSK_001,MASTERCARD,5,149.32,2.1,0.53,0.75,145.94,1560.8
2025-06-30,BA_KIOSK_001,VISA,5,170.07,2.55,0.6799999999999999,0.8500000000000001,165.99,935.4
2025-06-30,BA_MOBILE_001,AMEX,16,984.91,24.62,5.93,4.92,949.4399999999999,1118.5625
2025-06-30,BA_MOBILE_001,DISCOVER,7,523.61,8.38,2.1,2.62,510.51,1010.1428571428571
2025-06-30,BA_MOBILE_001,MASTERCARD,12,1046.7,14.67,3.67,5.24,1023.12,1049.75
2025-06-30,BA_MOBILE_001,VISA,10,394.78,5.92,1.58,1.98,385.3,1002.2
2025-06-30,BA_PARTNER_001,AMEX,10,670.22,16.740000000000002,4.02,3.35,646.11,923.8
2025-06-30,BA_PARTNER_001,DISCOVER,13,1137.8799999999999,18.2,4.54,5.7,1109.44,1267.076923076923
2025-06-30,BA_PARTNER_001,MASTERCARD,5,531.8199999999999,7.4399999999999995,1.8599999999999999,2.66,519.86,563.2
2025-06-30,BA_PARTNER_001,VISA,9,679.09,10.17,2.73,3.39,662.8,906.5555555555555
2025-06-30,BA_PARTNER_002,AMEX,10,985.45,24.66,5.92,4.94,949.9300000000001,1169.8
2025-06-30,BA_PARTNER_002,DISCOVER,9,430.28999999999996,6.880000000000001,1.74,2.15,419.52000000000004,655.4444444444445
2025-06-30,BA_PARTNER_002,MASTERCARD,15,1491.1571323976634,21.82,5.46,7.79,1523.46,1130.8
2025-06-30,BA_PARTNER_002,VISA,11,926.27,13.889999999999999,3.69,4.63,904.06,1198.2727272727273
2025-07-01,BA_CALLCENTER_001,AMEX,11,26272.108189533392,29.9,7.17,5.99,1152.32,862.2727272727273
2025-07-01,BA_CALLCENTER_001,DISCOVER,16,1885.33,30.16,7.55,9.42,1838.2,1052.8125
2025-07-01,BA_CALLCENTER_001,MASTERCARD,17,1549.48,21.69,5.43,7.7700000000000005,1514.59,985.8235294117648
2025-07-01,BA_CALLCENTER_001,VISA,11,1406.8600000000001,21.11,5.63,7.04,1373.08,992.5454545454545
2025-07-01,BA_ECOM_001,AMEX,7,2684.01,67.1,16.1,13.43,2587.38,1097.857142857143
2025-07-01,BA_ECOM_001,DISCOVER,10,1514.3600000000001,24.24,6.07,7.58,1476.47,1128.9
2025-07-01,BA_ECOM_001,MASTERCARD,11,2033.67,28.490000000000002,7.1000000000000005,10.17,1987.9099999999999,1062.5454545454545
2025-07-01,BA_ECOM_001,VISA,17,3219.9100000000003,48.3,12.88,16.1,3142.63,1112.8235294117646
2025-07-01,BA_ECOM_002,AMEX,14,3324.8,83.13,19.96,16.62,3205.09,1045.2857142857142
2025-07-01,BA_ECOM_002,DISCOVER,14,4131.34,66.08,16.52,20.650000000000002,4028.0899999999997,1218.7857142857142
2025-07-01,BA_ECOM_002,MASTERCARD,8,2328.2200000000003,32.58,8.16,11.64,2275.84,1058.875
2025-07-01,BA_ECOM_002,VISA,14,2244.12,33.660000000000004,8.98,11.209999999999999,2190.27,880.2857142857143
2025-07-01,BA_KIOSK_001,AMEX,12,1142.05,28.55,6.85,5.7,1100.95,1215.4166666666667
2025-07-01,BA_KIOSK_001,DISCOVER,18,2359.4278879902704,29.95,7.5,9.36,1825.56,974.1111111111111
2025-07-01,BA_KIOSK_001,MASTERCARD,12,2043.53,28.61,7.15,10.21,1997.56,959.0
2025-07-01,BA_KIOSK_001,VISA,10,1271.2,19.07,5.08,6.36,1240.69,920.8
2025-07-01,BA_MOBILE_001,AMEX,15,1223.1399999999999,30.590000000000003,7.32,6.13,1178.2537143236593,1141.7333333333333
2025-07-01,BA_MOBILE_001,DISCOVER,9,616.3299999999999,9.86,2.46,3.09,600.92,6853.444444444444
2025-07-01,BA_MOBILE_001,MASTERCARD,9,401.61,5.62,1.4,2.0100000000000002,392.58,1089.2222222222222
2025-07-01,BA_MOBILE_001,VISA,15,2404.8439748342876,13.219999999999999,3.52,4.41,860.46,980.0666666666667
2025-07-01,BA_PARTNER_001,AMEX,7,482.84000000000003,12.07,2.9,2.41,465.46,871.4285714285714
2025-07-01,BA_PARTNER_001,DISCOVER,17,1196.25,19.15,4.77,5.99,1166.3400000000001,1069.764705882353
2025-07-01,BA_PARTNER_001,MASTERCARD,9,933.03,13.059999999999999,3.2600000000000002,4.66,912.05,1061.3333333333333
2025-07-01,BA_PARTNER_001,VISA,13,7443.424607365754,18.05,4.83,6.02,1174.49,1010.0
2025-07-01,BA_PARTNER_002,AMEX,17,2295.87,48.3185430083405,13.790000000000001,11.49,2213.19,1029.5294117647059
2025-07-01,BA_PARTNER_002,DISCOVER,12,1096.13,17.54,4.38,5.49,1068.72,775.25
2025-07-01,BA_PARTNER_002,MASTERCARD,14,1755.9194073049885,24.66,6.18,8.82,1721.29,841.1428571428571
2025-07-01,BA_PARTNER_002,VISA,10,627.85,9.42,2.52,3.14,612.77,990.3
2025-07-02,BA_CALLCENTER_001,AMEX,11,1496.1299999999999,37.4,8.97,7.47,1442.29,817.2727272727273
2025-07-02,BA_CALLCENTER_001,DISCOVER,12,1012.38,16.21,4.04,5.04,987.09,1097.75
2025-07-02,BA_CALLCENTER_001,MASTERCARD,14,1219.66,17.09,4.2700000000000005,6.09,1192.21,5250.071428571428
2025-07-02,BA_CALLCENTER_001,VISA,7,298.66,4.4799999999999995,1.19,1.5,291.49,1019.8571428571429
2025-07-02,BA_ECOM_001,AMEX,18,5654.83,141.37,33.93,28.29,5393.863890928104,939.7777777777778
2025-07-02,BA_ECOM_001,DISCOVER,14,4288.97,68.61,17.16,21.47,4181.73,908.1428571428571
2025-07-02,BA_ECOM_001,MASTERCARD,9,5700.238824509651,20.11,5.04,7.18,1404.1499999999999,1223.0
2025-07-02,BA_ECOM_001,VISA,8,3095.3,46.43,12.38,15.47,3021.02,844.5
2025-07-02,BA_ECOM_002,AMEX,13,4169.54,104.23,25.009999999999998,20.86,4019.44,906.3076923076923
2025-07-02,BA_ECOM_002,DISCOVER,12,2757.34,44.11,11.03,13.79,2688.41,1181.5
2025-07-02,BA_ECOM_002,MASTERCARD,13,2494.54,34.92,8.73,12.479999999999999,2438.41,1207.923076923077
2025-07-02,BA_ECOM_002,VISA,11,2101.5,31.54,8.41,10.52,2051.03,1189.909090909091
2025-07-02,BA_KIOSK_001,AMEX,13,989.1700000000001,24.73,5.93,4.93,953.58,1134.6923076923076
2025-07-02,BA_KIOSK_001,DISCOVER,14,1832.93,29.32,7.34,9.16,1787.11,1152.9285714285713
2025-07-02,BA_KIOSK_001,MASTERCARD,14,1453.35,20.35,5.09,7.27,1420.6399999999999,997.7142857142857
2025-07-02,BA_KIOSK_001,VISA,11,1747.7599999999998,26.22,6.98,8.74,1705.82,933.5454545454545
2025-07-02,BA_MOBILE_001,AMEX,13,422.84,10.57,2.53,2.11,407.63,847.3076923076923
2025-07-02,BA_MOBILE_001,DISCOVER,13,692.8,11.08,2.77,3.46,675.49,1107.6153846153845
2025-07-02,BA_MOBILE_001,MASTERCARD,18,861.3,12.05,3.0,4.3100000000000005,841.94,1011.8888888888889
2025-07-02,BA_MOBILE_001,VISA,17,816.3499999999999,12.25,3.27,4.08,796.75,744.1176470588235
2025-07-02,BA_PARTNER_001,AMEX,9,371.38,9.28,2.21,1.86,358.03,1309.2222222222222
2025-07-02,BA_PARTNER_001,DISCOVER,6,597.31,9.56,2.3899999999999997,2.99,582.37,1202.8333333333333
2025-07-02,BA_PARTNER_001,MASTERCARD,15,888.3,12.43,3.11,4.46,868.3,1215.3333333333333
2025-07-02,BA_PARTNER_001,VISA,15,2629.177626380843,21.71,5.79,7.23,1412.24,975.6
2025-07-02,BA_PARTNER_002,AMEX,11,1505.52,37.64,9.03,7.53,1451.32,922.5454545454545
2025-07-02,BA_PARTNER_002,DISCOVER,15,2182.9700000000003,34.92,8.75,10.91,2128.39,1218.8
2025-07-02,BA_PARTNER_002,MASTERCARD,9,1253.53,17.55,4.390000000000001,6.279999999999999,1225.31,813.7777777777778
2025-07-02,BA_PARTNER_002,VISA,13,2186.03,32.78,8.73,10.91,2133.6099999999997,1098.4615384615386
2025-07-03,BA_CALLCENTER_001,AMEX,10,1467.58,36.69,8.81,7.32,1414.76,1228.7
2025-07-03,BA_CALLCENTER_001,DISCOVER,9,708.22,10.593325838230665,2.83,3.55,690.49,971.0
2025-07-03,BA_CALLCENTER_001,MASTERCARD,18,2989.93,41.85,10.459999999999999,14.95,2922.67,1009.0
2025-07-03,BA_CALLCENTER_001,VISA,15,1238.38,18.57,4.96,6.19,1208.66,1118.2
2025-07-03,BA_ECOM_001,AMEX,10,1989.83,49.74,11.94,9.95,1918.2,1107.8
2025-07-03,BA_ECOM_001,DISCOVER,10,2632.52,42.12,10.530000000000001,13.16,2566.71,1426.9
2025-07-03,BA_ECOM_001,MASTERCARD,15,2948.41,41.269999999999996,10.33,14.74,2882.07,756.2666666666667
2025-07-03,BA_ECOM_001,VISA,15,2596.61,38.93,10.39,12.99,2534.3,1070.3333333333333
2025-07-03,BA_ECOM_002,AMEX,12,3211.39,80.28,19.27,16.06,3095.78,914.9166666666666
2025-07-03,BA_ECOM_002,DISCOVER,15,2634.71,42.15,10.56,13.17,2568.83,950.7333333333333
2025-07-03,BA_ECOM_002,MASTERCARD,10,1958.0,27.419999999999998,6.83,9.780000000000001,1913.97,894.5
2025-07-03,BA_ECOM_002,VISA,7,1190.79,17.86,4.75,5.9399999999999995,1162.24,1037.7142857142858
2025-07-03,BA_KIOSK_001,AMEX,9,1299.02,32.48,7.81,6.5,1252.23,1239.888888888889
2025-07-03,BA_KIOSK_001,DISCOVER,9,1213.0900000000001,19.419999999999998,4.85,6.07,1182.75,1170.888888888889
2025-07-03,BA_KIOSK_001,MASTERCARD,12,749.85,10.48,2.65,3.75,732.97,1272.3333333333333
2025-07-03,BA_KIOSK_001,VISA,15,1099.36,16.48,4.41,5.49,1072.98,992.6
2025-07-03,BA_MOBILE_001,AMEX,6,296.64,7.41,1.77,1.48,285.98,1444.8333333333333
2025-07-03,BA_MOBILE_001,DISCOVER,16,830.25,13.29,3.3,4.15,809.51,980.75
2025-07-03,BA_MOBILE_001,MASTERCARD,11,558.16,7.8100000000000005,1.96,2.79,545.6,1122.3636363636363
2025-07-03,BA_MOBILE_001,VISA,9,305.05,4.58,1.22,1.51,297.74,1298.7777777777778
2025-07-03,BA_PARTNER_001,AMEX,19,1232.37,30.8,7.39,6.15,1188.03,956.7894736842105
2025-07-03,BA_PARTNER_001,DISCOVER,13,931.8,14.9,3.73,4.65,908.52,1031.1538461538462
2025-07-03,BA_PARTNER_001,MASTERCARD,8,445.5,6.24,1.57,2.21,435.48,948.0
2025-07-03,BA_PARTNER_001,VISA,18,1708.48,25.63,6.83,8.54,1667.48,846.0555555555555
2025-07-03,BA_PARTNER_002,AMEX,12,598.1351056617793,22.04,5.27,4.42,849.4599999999999,986.1666666666666
2025-07-03,BA_PARTNER_002,DISCOVER,11,845.65,13.530000000000001,3.37,4.22,824.53,1077.8181818181818
2025-07-03,BA_PARTNER_002,MASTERCARD,16,2001.44,28.0,7.03,10.02,1956.39,4736.1875
2025-07-03,BA_PARTNER_002,VISA,10,849.2299999999999,12.516119547026747,3.4000000000000004,4.24,828.8499999999999,959.5
2025-07-04,BA_CALLCENTER_001,AMEX,7,596.87,14.91,3.58,2.98,575.4,1113.857142857143
2025-07-04,BA_CALLCENTER_001,DISCOVER,7,573.69,9.17,2.29,2.8600000000000003,559.37,1130.4285714285713
2025-07-04,BA_CALLCENTER_001,MASTERCARD,12,1394.22,19.51,4.91,6.97,1362.83,891.5833333333334
2025-07-04,BA_CALLCENTER_001,VISA,11,1056.95,15.86,4.22,5.29,1059.14797645128,1007.6363636363636
2025-07-04,BA_ECOM_001,AMEX,9,2581.87,64.56,15.49,12.92,2454.3101517619243,1125.3333333333333
2025-07-04,BA_ECOM_001,DISCOVER,10,3156.6,50.5,12.64,15.780000000000001,3077.68,912.3
2025-07-04,BA_ECOM_001,MASTERCARD,15,3773.56,52.82,13.200000000000001,18.87,3688.67,1113.0
2025-07-04,BA_ECOM_001,VISA,15,3960.12,59.39,15.84,19.78,3865.11,2053.8
2025-07-04,BA_ECOM_002,AMEX,11,2206.84,55.17,13.24,11.049999999999999,2127.38,1198.4545454545455
2025-07-04,BA_ECOM_002,DISCOVER,12,3101.76,49.63,12.41,15.51,3024.21,867.3333333333334
2025-07-04,BA_ECOM_002,MASTERCARD,8,1354.76,18.97,4.74,6.79,1324.26,1009.75
2025-07-04,BA_ECOM_002,VISA,11,2632.4,39.480000000000004,10.53,13.17,2569.2200000000003,1136.6363636363637
2025-07-04,BA_KIOSK_001,AMEX,9,352.82,8.82,2.13,1.78,340.09000000000003,1376.3333333333333
2025-07-04,BA_KIOSK_001,DISCOVER,11,831.9200000000001,13.299999999999999,3.34,4.16,811.12,876.2727272727273
2025-07-04,BA_KIOSK_001,MASTERCARD,10,2584.67,36.19,9.04,12.930000000000001,2526.5099999999998,1253.3
2025-07-04,BA_KIOSK_001,VISA,16,2871.49,35.70934750743864,11.49,14.37,2802.55,973.125
2025-07-04,BA_MOBILE_001,AMEX,17,762.42,19.060000000000002,4.58,3.8,734.98,961.0
2025-07-04,BA_MOBILE_001,DISCOVER,17,759.4,12.14,3.0300000000000002,3.81,740.42,1235.1176470588234
2025-07-04,BA_MOBILE_001,MASTERCARD,6,193.68,2.71,0.69,0.97,189.31,636.3333333333334
2025-07-04,BA_MOBILE_001,VISA,15,716.24,10.75,2.87,3.58,699.04,3131.5333333333333
2025-07-04,BA_PARTNER_001,AMEX,11,998.85,24.98,5.99,4.9799999999999995,962.9,793.6363636363636
2025-07-04,BA_PARTNER_001,DISCOVER,12,1274.51,20.38,5.1000000000000005,6.37,1242.66,993.6666666666666
2025-07-04,BA_PARTNER_001,MASTERCARD,8,1676.82,23.48,5.87,8.38,1639.09,1324.25
2025-07-04,BA_PARTNER_001,VISA,8,905.09,13.58,3.62,4.53,883.36,1099.25
2025-07-04,BA_PARTNER_002,AMEX,5,1323.88,33.09,7.94,6.609999999999999,1276.24,1068.4
2025-07-04,BA_PARTNER_002,DISCOVER,8,922.39,14.77,3.6999999999999997,4.61,899.31,960.75
2025-07-04,BA_PARTNER_002,MASTERCARD,17,1272.35,17.81,4.45,6.38,1243.71,1238.1176470588234
2025-07-04,BA_PARTNER_002,VISA,16,1375.61,20.64,5.5,6.87,1342.6,912.5625
2025-07-05,BA_CALLCENTER_001,AMEX,16,1412.33,35.300000000000004,8.459999999999999,7.05,1361.52,873.3125
2025-07-05,BA_CALLCENTER_001,DISCOVER,7,497.45000000000005,7.96,1.98,2.5,485.01,1035.4285714285713
2025-07-05,BA_CALLCENTER_001,MASTERCARD,13,617.0,8.64,2.1799999999999997,3.0900000000000003,603.09,814.5384615384615
2025-07-05,BA_CALLCENTER_001,VISA,12,1049.78,15.77,4.19,5.25,1024.57,959.6666666666666
2025-07-05,BA_ECOM_001,AMEX,9,2071.61,51.79,12.44,10.35,1997.03,1223.3333333333333
2025-07-05,BA_ECOM_001,DISCOVER,9,1066.29,17.06,4.25,5.32,1039.66,1337.3333333333333
2025-07-05,BA_ECOM_001,MASTERCARD,11,1721.32,24.099999999999998,6.02,8.61,1682.59,956.4545454545455
2025-07-05,BA_ECOM_001,VISA,10,2850.48,42.75,11.41,14.24,2782.08,1034.3
2025-07-05,BA_ECOM_002,AMEX,11,2920.54,73.01,17.53,14.59,2815.41,1119.2727272727273
2025-07-05,BA_ECOM_002,DISCOVER,8,918.6999999999999,14.7,3.67,4.61,895.72,844.5
2025-07-05,BA_ECOM_002,MASTERCARD,15,2204.55,30.85,7.73,11.040000000000001,2159.5544213592643,1119.5333333333333
2025-07-05,BA_ECOM_002,VISA,11,3272.33,49.08,13.100000000000001,16.36,3193.79,1260.090909090909
2025-07-05,BA_KIOSK_001,AMEX,11,337.42,8.43,2.02,1.6800000000000002,325.29,978.7272727272727
2025-07-05,BA_KIOSK_001,DISCOVER,14,839.1800000000001,13.42,3.37,4.19,818.2,1166.7857142857142
2025-07-05,BA_KIOSK_001,MASTERCARD,10,1282.22,17.94,4.49,6.39,1253.3999999999999,4787.0
2025-07-05,BA_KIOSK_001,VISA,12,1114.21,16.720000000000002,4.46,5.58,1087.45,984.8333333333334
2025-07-05,BA_MOBILE_001,AMEX,8,240.23,6.01,1.45,1.21,231.56,1167.875
2025-07-05,BA_MOBILE_001,DISCOVER,17,733.33,11.74,2.92,3.69,717.7378384649439,1084.1176470588234
2025-07-05,BA_MOBILE_001,MASTERCARD,10,643.14,9.0,2.25,3.23,628.66,1245.1
2025-07-05,BA_MOBILE_001,VISA,10,369.36,5.54,1.48,1.8599999999999999,360.48,6666.0
2025-07-05,BA_PARTNER_001,AMEX,16,752.61,18.82,4.53,3.78,723.1132140015505,1030.9375
2025-07-05,BA_PARTNER_001,DISCOVER,5,221.85999999999999,3.56,0.89,1.11,216.3,1442.4
2025-07-05,BA_PARTNER_001,MASTERCARD,12,1261.87,17.67,4.41,6.32,1233.47,1161.3333333333333
2025-07-05,BA_PARTNER_001,VISA,12,808.76,12.129999999999999,3.2300000000000004,4.05,789.35,875.1666666666666
2025-07-05,BA_PARTNER_002,AMEX,9,511.46000000000004,12.79,3.07,2.57,493.03,1009.7777777777778
2025-07-05,BA_PARTNER_002,DISCOVER,5,270.09000000000003,4.33,1.08,1.35,263.33000000000004,1324.0
2025-07-05,BA_PARTNER_002,MASTERCARD,12,727.63,10.19,2.55,3.62,711.27,965.8333333333334
2025-07-05,BA_PARTNER_002,VISA,11,1879.56,28.18,7.51,9.39,1834.48,830.2727272727273
2025-07-06,BA_CALLCENTER_001,AMEX,16,1450.3899999999999,36.269999999999996,8.69,7.25,1398.18,979.0
2025-07-06,BA_CALLCENTER_001,DISCOVER,13,3191.6499999999996,32.53299982073935,12.77,15.98,3111.85,1366.4615384615386
2025-07-06,BA_CALLCENTER_001,MASTERCARD,13,1959.28,27.43,6.85,9.790000000000001,1915.21,927.0
2025-07-06,BA_CALLCENTER_001,VISA,6,1110.58,16.66,4.4399999999999995,5.55,1083.9299999999998,1244.3333333333333
2025-07-06,BA_ECOM_001,AMEX,14,2273.85,56.85,13.64,11.38,2191.98,1320.857142857143
2025-07-06,BA_ECOM_001,DISCOVER,9,2081.32,33.3,8.33,10.41,2029.28,746.0
2025-07-06,BA_ECOM_001,MASTERCARD,15,3363.3,47.09,11.77,16.82,3287.62,1187.4666666666667
2025-07-06,BA_ECOM_001,VISA,8,1825.41,27.39,7.3100000000000005,9.13,1781.58,939.875
2025-07-06,BA_ECOM_002,AMEX,7,1001.88,25.060000000000002,6.010000000000001,5.0,965.81,1431.0
2025-07-06,BA_ECOM_002,DISCOVER,11,2876.61,46.040000000000006,11.5,14.39,2804.68,759.1818181818181
2025-07-06,BA_ECOM_002,MASTERCARD,14,3895.86,54.540000000000006,13.64,19.5,3808.1800000000003,1176.5714285714287
2025-07-06,BA_ECOM_002,VISA,4,1544.04,23.16,6.180000000000001,7.72,1506.98,554.0
2025-07-06,BA_KIOSK_001,AMEX,11,1505.3700000000001,37.63,9.030000000000001,7.51,1451.2,1031.0
2025-07-06,BA_KIOSK_001,DISCOVER,11,581.8199999999999,9.31,2.33,2.9,567.28,1137.4545454545455
2025-07-06,BA_KIOSK_001,MASTERCARD,16,1452.3799999999999,20.330000000000002,5.08,7.26,1415.8111427717931,1013.75
2025-07-06,BA_KIOSK_001,VISA,14,2576.97,38.64,10.3,12.88,2515.15,1413.0
2025-07-06,BA_MOBILE_001,AMEX,15,635.88,15.88,3.81,3.18,613.01,1257.8666666666666
2025-07-06,BA_MOBILE_001,DISCOVER,10,291.77,4.68,1.1600000000000001,1.45,284.48,1028.7
2025-07-06,BA_MOBILE_001,MASTERCARD,6,239.93,3.36,0.84,1.19,234.54,1251.5
2025-07-06,BA_MOBILE_001,VISA,12,6259.26143208588,9.299999999999999,2.48,3.1,605.33,1069.5833333333333
2025-07-06,BA_PARTNER_001,AMEX,13,1267.8700000000001,31.72,7.6,6.359999999999999,1222.19,1016.6923076923077
2025-07-06,BA_PARTNER_001,DISCOVER,12,1163.34,18.62,4.67,5.8,1134.25,1094.4166666666667
2025-07-06,BA_PARTNER_001,MASTERCARD,13,849.99,11.9,2.96,4.24,830.89,964.0
2025-07-06,BA_PARTNER_001,VISA,10,1480.0,22.22,5.92,7.41,1444.45,961.7
2025-07-06,BA_PARTNER_002,AMEX,6,783.69,19.58,4.7,3.92,755.49,815.5
2025-07-06,BA_PARTNER_002,DISCOVER,16,1068.6100000000001,17.09,4.26,5.34,1041.92,1095.0625
2025-07-06,BA_PARTNER_002,MASTERCARD,7,832.66,11.434405645192903,2.92,4.16,813.9200000000001,1216.2857142857142
2025-07-06,BA_PARTNER_002,VISA,14,902.17,13.549999999999999,3.6,4.51,880.51,1084.357142857143
2025-07-07,BA_CALLCENTER_001,AMEX,13,866.09,21.65,5.19,4.32,834.93,996.9230769230769
2025-07-07,BA_CALLCENTER_001,DISCOVER,16,1029.92,16.48,4.14,5.14,1004.16,1276.375
2025-07-07,BA_CALLCENTER_001,MASTERCARD,13,1352.9099999999999,18.939999999999998,4.74,6.76,1322.47,1162.7692307692307
2025-07-07,BA_CALLCENTER_001,VISA,12,2964.75,44.47,11.86,14.829999999999998,2893.59,896.8333333333334
2025-07-07,BA_ECOM_001,AMEX,11,6554.416188590673,48.66,11.69,9.73,1876.26,1192.2727272727273
2025-07-07,BA_ECOM_001,DISCOVER,11,2716.4644858651877,44.03,11.01,13.76,2683.02,997.5454545454545
2025-07-07,BA_ECOM_001,MASTERCARD,12,2353.71,32.95,8.24,11.76,2300.76,1317.75
2025-07-07,BA_ECOM_001,VISA,14,3651.71,54.76,14.610000000000001,18.25,3564.09,1152.642857142857
2025-07-07,BA_ECOM_002,AMEX,19,5522.1900000000005,138.06,33.15,27.61,5342.73797847186,1240.0
2025-07-07,BA_ECOM_002,DISCOVER,10,3055.487762958768,50.09,12.520000000000001,15.65,3053.33,704.0
2025-07-07,BA_ECOM_002,MASTERCARD,13,2167.63,30.34,7.6,10.85,2118.84,3243.769230769231
2025-07-07,BA_ECOM_002,VISA,7,4602.99,69.04,18.41,23.009999999999998,4492.53,1224.857142857143
2025-07-07,BA_KIOSK_001,AMEX,9,2408.31,60.21,14.43,12.04,2321.63,1345.0
2025-07-07,BA_KIOSK_001,DISCOVER,12,745.0600000000001,11.92,2.98,3.73,726.4300000000001,1037.75
2025-07-07,BA_KIOSK_001,MASTERCARD,11,712.18,9.97,2.5100000000000002,3.56,696.14,963.2727272727273
2025-07-07,BA_KIOSK_001,VISA,14,742.26,11.14,2.97,3.71,724.44,1072.142857142857
2025-07-07,BA_MOBILE_001,AMEX,16,680.87,17.01,4.09,3.41,656.36,629.3125
2025-07-07,BA_MOBILE_001,DISCOVER,14,725.78,11.62,2.92,3.65,707.59,691.4285714285714
2025-07-07,BA_MOBILE_001,MASTERCARD,7,305.71,4.29,1.06,1.54,298.82,1165.857142857143
2025-07-07,BA_MOBILE_001,VISA,13,863.8,12.95,3.45,4.3,843.1,2874.4615384615386
2025-07-07,BA_PARTNER_001,AMEX,13,2387.33,59.669999999999995,14.32,11.93,2301.41,5472.615384615385
2025-07-07,BA_PARTNER_001,DISCOVER,20,3956.09,63.3,15.819999999999999,19.779999999999998,3857.19,789.5
2025-07-07,BA_PARTNER_001,MASTERCARD,12,746.26,10.45,2.61,3.73,729.47,984.8333333333334
2025-07-07,BA_PARTNER_001,VISA,14,1152.18,17.28,4.61,5.77,1124.52,1288.0714285714287
2025-07-07,BA_PARTNER_002,AMEX,12,1966.86,49.16,11.81,9.850000000000001,1896.04,1099.1666666666667
2025-07-07,BA_PARTNER_002,DISCOVER,15,1308.5,20.93,5.23,6.56,1275.78,1114.0
2025-07-07,BA_PARTNER_002,MASTERCARD,9,1817.47,25.43,6.37,9.1,1776.57,2413.5555555555557
2025-07-07,BA_PARTNER_002,VISA,13,634.22,9.51,2.52,3.16,619.03,1341.3846153846155
2025-07-08,BA_CALLCENTER_001,AMEX,13,2866.64,71.66000000000001,17.2,14.35,2763.4300000000003,1031.0
2025-07-08,BA_CALLCENTER_001,DISCOVER,11,730.72,11.69,2.92,3.6399999999999997,712.47,1036.5454545454545
2025-07-08,BA_CALLCENTER_001,MASTERCARD,8,636.47,8.91,2.23,3.19,622.14,959.25
2025-07-08,BA_CALLCENTER_001,VISA,18,1264.18,18.97,5.07,6.32,1233.82,1218.611111111111
2025-07-08,BA_ECOM_001,AMEX,16,3166.2799999999997,79.16,19.0,15.84,3052.2799999999997,1310.125
2025-07-08,BA_ECOM_001,DISCOVER,11,2801.1,44.82,11.2,13.99,2731.09,876.9090909090909
2025-07-08,BA_ECOM_001,MASTERCARD,14,4343.0199999999995,60.79,15.23,21.73,4245.2699999999995,1030.5714285714287
2025-07-08,BA_ECOM_001,VISA,9,2853.5699999999997,42.79,11.440000000000001,14.25,2785.09,2007.4444444444443
2025-07-08,BA_ECOM_002,AMEX,18,2401.6,60.03,14.4,12.0,2315.17,1026.0
2025-07-08,BA_ECOM_002,DISCOVER,12,3956.4100000000003,63.32,15.82,19.78,3857.4900000000002,978.5
2025-07-08,BA_ECOM_002,MASTERCARD,10,2554.0,34.68996816625319,8.93,12.76,2496.55,991.3
2025-07-08,BA_ECOM_002,VISA,13,2314.15,34.72,9.25,11.59,2258.59,1170.3846153846155
2025-07-08,BA_KIOSK_001,AMEX,12,829.41,20.740000000000002,4.99,4.15,799.53,1119.25
2025-07-08,BA_KIOSK_001,DISCOVER,10,359.88,5.75,1.43,1.81,350.89,1066.3
2025-07-08,BA_KIOSK_001,MASTERCARD,9,789.33,11.049999999999999,2.7600000000000002,3.94,773.1173622717371,659.1111111111111
2025-07-08,BA_KIOSK_001,VISA,11,2232.7799999999997,33.489999999999995,8.92,11.17,2179.2000000000003,1181.0
2025-07-08,BA_MOBILE_001,AMEX,7,546.4200000000001,13.66,3.28,2.73,526.75,1064.7142857142858
2025-07-08,BA_MOBILE_001,DISCOVER,13,538.27,8.620000000000001,2.15,2.69,524.81,1054.6923076923076
2025-07-08,BA_MOBILE_001,MASTERCARD,14,944.39,13.21,3.32,4.72,923.14,1151.0714285714287
2025-07-08,BA_MOBILE_001,VISA,16,1242.52,18.64,4.98,6.220000000000001,1212.68,1002.0
2025-07-08,BA_PARTNER_001,AMEX,13,1401.2,29.34025974734109,8.41,7.01,1350.75,1129.1538461538462
2025-07-08,BA_PARTNER_001,DISCOVER,16,2218.7400000000002,35.480000000000004,8.89,11.09,2163.2799999999997,1128.375
2025-07-08,BA_PARTNER_001,MASTERCARD,9,1196.17,16.74,4.18,5.98,1169.27,1005.0
2025-07-08,BA_PARTNER_001,VISA,17,1181.169207940675,18.419999999999998,4.92,6.13,1197.85,1216.8823529411766
2025-07-08,BA_PARTNER_002,AMEX,18,1381.6,34.54,8.29,6.92,1331.85,1057.8333333333333
2025-07-08,BA_PARTNER_002,DISCOVER,13,1336.09,21.38,5.36,6.68,1302.67,1016.6923076923077
2025-07-08,BA_PARTNER_002,MASTERCARD,14,1422.04,19.9,4.98,7.1,1390.06,970.0
2025-07-08,BA_PARTNER_002,VISA,13,1083.28,16.25,4.35,5.41,1057.27,930.7692307692307
2025-07-09,BA_CALLCENTER_001,AMEX,15,749.45,18.74,4.49,3.73,722.49,1153.4
2025-07-09,BA_CALLCENTER_001,DISCOVER,10,801.95,12.82,3.1999999999999997,4.010000000000001,781.9200000000001,852.1
2025-07-09,BA_CALLCENTER_001,MASTERCARD,4,4205.9,58.88,14.729999999999999,21.03,4111.26,1366.25
2025-07-09,BA_CALLCENTER_001,VISA,18,2884.29,43.27,11.53,14.42,2815.0699999999997,900.2222222222222
2025-07-09,BA_ECOM_001,AMEX,7,1481.98,37.06,8.89,7.41,1428.62,1032.2857142857142
2025-07-09,BA_ECOM_001,DISCOVER,15,3536.7426538639897,48.15,12.06,15.02,2933.7,915.1333333333333
2025-07-09,BA_ECOM_001,MASTERCARD,5,1357.16,19.0,4.74,6.78,1326.64,1290.2
2025-07-09,BA_ECOM_001,VISA,13,2919.7,43.8,11.67,14.6,2849.63,954.2307692307693
2025-07-09,BA_ECOM_002,AMEX,12,5384.34,131.69876870911182,32.3,26.919999999999998,5190.52,1349.4166666666667
2025-07-09,BA_ECOM_002,DISCOVER,10,2295.44,36.730000000000004,9.17,11.48,2238.06,846.0
2025-07-09,BA_ECOM_002,MASTERCARD,11,1851.5800000000002,25.93,6.48,9.27,1809.9,1186.2727272727273
2025-07-09,BA_ECOM_002,VISA,8,1637.83,24.57,6.56,8.19,1598.51,1198.125
2025-07-09,BA_KIOSK_001,AMEX,13,3750.7300000000005,93.77,22.5,18.75,3615.7100000000005,1158.6153846153845
2025-07-09,BA_KIOSK_001,DISCOVER,13,910.0,14.58,3.6399999999999997,4.5600000000000005,887.22,1261.6923076923076
2025-07-09,BA_KIOSK_001,MASTERCARD,12,1635.85,22.91,5.73,8.2,1599.01,1132.5
2025-07-09,BA_KIOSK_001,VISA,15,1836.0953495705553,23.78,6.33,7.91,1547.1,797.0666666666667
2025-07-09,BA_MOBILE_001,AMEX,10,434.15000000000003,10.86,2.61,2.16,418.52,931.4
2025-07-09,BA_MOBILE_001,DISCOVER,14,738.04,11.8,2.9699999999999998,3.71,719.56,1192.142857142857
2025-07-09,BA_MOBILE_001,MASTERCARD,12,517.62,6.903900790748095,1.81,2.59,505.97,4715.333333333333
2025-07-09,BA_MOBILE_001,VISA,15,645.72,9.7,2.57,3.24,630.21,1153.8
2025-07-09,BA_PARTNER_001,AMEX,7,522.3199999999999,13.07,3.13,2.6,503.52,818.5714285714286
2025-07-09,BA_PARTNER_001,DISCOVER,7,913.64,14.61,3.65,4.57,890.81,998.8571428571429
2025-07-09,BA_PARTNER_001,MASTERCARD,11,470.88,6.59,1.64,2.34,460.31,1159.0
2025-07-09,BA_PARTNER_001,VISA,17,2046.1200000000001,30.689999999999998,8.17,10.23,1997.03,912.1764705882352
2025-07-09,BA_PARTNER_002,AMEX,10,591.53,14.79,3.54,2.95,570.25,1128.0
2025-07-09,BA_PARTNER_002,DISCOVER,9,2016.87,32.260000000000005,8.08,10.09,1966.44,1067.6666666666667
2025-07-09,BA_PARTNER_002,MASTERCARD,17,1492.24,20.9,5.21,7.44,1458.69,972.7647058823529
2025-07-09,BA_PARTNER_002,VISA,12,1302.31,19.54,5.21,6.5200000000000005,1271.04,764.4166666666666
2025-07-10,BA_CALLCENTER_001,AMEX,8,1636.0,40.9,9.82,8.18,1577.1,962.375
2025-07-10,BA_CALLCENTER_001,DISCOVER,11,1192.14,19.07,4.76,5.96,1162.3500000000001,1164.8181818181818
2025-07-10,BA_CALLCENTER_001,MASTERCARD,15,2316.1584076648137,26.59,6.619999999999999,9.48,1855.51,2759.6666666666665
2025-07-10,BA_CALLCENTER_001,VISA,12,980.58,14.72,3.92,4.91,957.03,1088.3333333333333
2025-07-10,BA_ECOM_001,AMEX,8,1567.69,39.19,9.41,7.83,1511.26,843.375
2025-07-10,BA_ECOM_001,DISCOVER,9,2203.13,35.24,8.82,11.02,2148.05,1267.111111111111
2025-07-10,BA_ECOM_001,MASTERCARD,17,3325.25,44.61457961228182,11.63,16.62,3250.45,935.9411764705883
2025-07-10,BA_ECOM_001,VISA,11,2212.4531302861647,36.69,9.79,12.219999999999999,2386.54,1182.6363636363637
2025-07-10,BA_ECOM_002,AMEX,13,3088.97,77.23,18.54,15.44,2977.76,956.0769230769231
2025-07-10,BA_ECOM_002,DISCOVER,17,4648.42,74.37,18.58,23.25,4532.22,1246.3529411764705
2025-07-10,BA_ECOM_002,MASTERCARD,13,4267.41,59.72,14.94,21.330000000000002,4171.42,1127.8461538461538
2025-07-10,BA_ECOM_002,VISA,15,3340.25,50.1,13.34,16.71,3260.1,820.0
2025-07-10,BA_KIOSK_001,AMEX,8,694.57,17.37,4.17,3.48,669.5500000000001,1198.0
2025-07-10,BA_KIOSK_001,DISCOVER,11,1778.31,28.45,7.1,8.89,1733.87,1090.909090909091
2025-07-10,BA_KIOSK_001,MASTERCARD,8,874.07,12.25,3.06,4.38,854.38,899.625
2025-07-10,BA_KIOSK_001,VISA,10,969.37,14.54,3.89,4.84,946.1,1040.8
2025-07-10,BA_MOBILE_001,AMEX,10,282.27,7.0600000000000005,1.7,1.42,272.09,1383.7
2025-07-10,BA_MOBILE_001,DISCOVER,19,736.1,11.78,2.9499999999999997,3.68,717.6899999999999,1048.578947368421
2025-07-10,BA_MOBILE_001,MASTERCARD,14,501.76,7.0200000000000005,1.78,2.51,490.45,832.7857142857143
2025-07-10,BA_MOBILE_001,VISA,9,314.92,4.72,1.25,1.58,307.37,1295.111111111111
2025-07-10,BA_PARTNER_001,AMEX,9,935.3,23.380000000000003,5.62,4.67,901.63,1028.2222222222222
2025-07-10,BA_PARTNER_001,DISCOVER,12,1042.05,16.65,4.18,5.2,1016.02,1331.3333333333333
2025-07-10,BA_PARTNER_001,MASTERCARD,19,1768.1,24.74,6.2,8.85,1728.31,1140.8947368421052
2025-07-10,BA_PARTNER_001,VISA,5,376.11,5.64,1.5,1.88,367.09000000000003,990.4
2025-07-10,BA_PARTNER_002,AMEX,9,8936.740052086343,34.75,8.34,6.9399999999999995,1339.69,1175.4444444444443
2025-07-10,BA_PARTNER_002,DISCOVER,14,4073.48,64.69884229334578,16.3,20.37,3971.6400000000003,1130.0
2025-07-10,BA_PARTNER_002,MASTERCARD,5,327.56,4.59,1.15,1.6400000000000001,320.18,915.4
2025-07-10,BA_PARTNER_002,VISA,11,847.47,12.72,3.3899999999999997,4.24,827.12,1213.8181818181818
2025-07-11,BA_CALLCENTER_001,AMEX,12,1112.98,27.84,6.680000000000001,5.5600000000000005,1072.9,849.6666666666666
2025-07-11,BA_CALLCENTER_001,DISCOVER,9,1014.6600000000001,16.23,4.05,5.08,989.3,925.2222222222222
2025-07-11,BA_CALLCENTER_001,MASTERCARD,10,390.64,5.46,1.36,1.95,381.87,1178.1
2025-07-11,BA_CALLCENTER_001,VISA,12,811.222441613913,15.91,4.2299999999999995,5.3100000000000005,1035.14,1029.5
2025-07-11,BA_ECOM_001,AMEX,8,3128.44,78.21,18.77,15.64,3015.8199999999997,879.25
2025-07-11,BA_ECOM_001,DISCOVER,12,2618.35,41.89,10.469999999999999,13.09,2552.9,1155.4166666666667
2025-07-11,BA_ECOM_001,MASTERCARD,5,1229.15,17.2,4.31,6.140000000000001,1201.5,978.8
2025-07-11,BA_ECOM_001,VISA,13,2322.56,34.84,9.3,11.6,2266.82,885.1538461538462
2025-07-11,BA_ECOM_002,AMEX,14,2747.65,68.68,16.48,13.739999999999998,2648.75,808.3571428571429
2025-07-11,BA_ECOM_002,DISCOVER,12,2707.84,43.32,10.81,13.55,2640.16,1242.4166666666667
2025-07-11,BA_ECOM_002,MASTERCARD,10,3837.22,53.73,13.44,19.18,3750.87,5497.9
2025-07-11,BA_ECOM_002,VISA,14,2674.15,40.11,10.69,13.35,2610.0,768.6428571428571
2025-07-11,BA_KIOSK_001,AMEX,6,597.45,14.94,3.58,2.9899999999999998,575.94,883.8333333333334
2025-07-11,BA_KIOSK_001,DISCOVER,9,761.33,12.19,3.0500000000000003,3.8,742.29,1157.6666666666667
2025-07-11,BA_KIOSK_001,MASTERCARD,16,1329.99,18.61,4.67,6.64,1297.200879374178,948.625
2025-07-11,BA_KIOSK_001,VISA,12,2355.0077810726125,36.48,9.72,12.16,2373.39,1153.75
2025-07-11,BA_MOBILE_001,AMEX,5,130.8,3.27,0.78,0.65,126.1,909.0
2025-07-11,BA_MOBILE_001,DISCOVER,9,452.77,7.24,1.8,2.27,441.46,1045.0
2025-07-11,BA_MOBILE_001,MASTERCARD,9,327.38,4.6,1.1400000000000001,1.6300000000000001,320.01,1285.111111111111
2025-07-11,BA_MOBILE_001,VISA,7,330.52,4.95,1.33,1.64,322.6,1152.5714285714287
2025-07-11,BA_PARTNER_001,AMEX,7,1762.25,44.06,10.580000000000002,8.81,1698.8,955.8571428571429
2025-07-11,BA_PARTNER_001,DISCOVER,14,1435.54,22.99,5.74,7.17,1399.64,1075.4285714285713
2025-07-11,BA_PARTNER_001,MASTERCARD,12,646.76,9.06,2.27,3.23,632.2,1193.6666666666667
2025-07-11,BA_PARTNER_001,VISA,7,639.31,9.59,2.57,3.19,640.0685234022023,1223.857142857143
2025-07-11,BA_PARTNER_002,AMEX,14,1128.9099999999999,28.22,6.75,5.65,1088.29,895.5
2025-07-11,BA_PARTNER_002,DISCOVER,14,1568.51,25.1,6.28,7.85,1529.28,971.7142857142857
2025-07-11,BA_PARTNER_002,MASTERCARD,11,1037.05,14.54,3.64,5.1899999999999995,1013.6800000000001,1067.090909090909
2025-07-11,BA_PARTNER_002,VISA,10,10584.802697976658,24.88,6.64,8.31,1619.72,863.5
2025-07-12,BA_CALLCENTER_001,AMEX,15,1087.3700000000001,27.18,6.53,5.42,1048.24,1107.3333333333333
2025-07-12,BA_CALLCENTER_001,DISCOVER,10,689.23,11.04,2.7600000000000002,3.4499999999999997,671.98,819.9
2025-07-12,BA_CALLCENTER_001,MASTERCARD,14,1953.79,27.35,6.8500000000000005,9.79,1909.8,1156.4285714285713
2025-07-12,BA_CALLCENTER_001,VISA,7,923.81,13.86,3.7,4.62,901.63,1198.2857142857142
2025-07-12,BA_ECOM_001,AMEX,11,4198.55,104.96000000000001,25.2,20.990000000000002,4047.4,974.0909090909091
2025-07-12,BA_ECOM_001,DISCOVER,7,717.5500000000001,11.48,2.87,3.59,699.6099999999999,720.7142857142857
2025-07-12,BA_ECOM_001,MASTERCARD,12,3413.25,47.8,11.94,17.06,3333.464560289651,1188.8333333333333
2025-07-12,BA_ECOM_001,VISA,6,819.5500000000001,12.3,3.27,4.09,799.89,1015.3333333333334
2025-07-12,BA_ECOM_002,AMEX,14,4904.14391684084,83.06,19.93,16.61,3202.5299999999997,1269.0
2025-07-12,BA_ECOM_002,DISCOVER,14,5429.04,86.87,21.72,27.15,5253.608627847098,974.8571428571429
2025-07-12,BA_ECOM_002,MASTERCARD,13,1906.47,26.689999999999998,6.69,9.53,1863.56,970.3076923076923
2025-07-12,BA_ECOM_002,VISA,14,2049.1,30.72,8.2,10.25,1999.93,1042.642857142857
2025-07-12,BA_KIOSK_001,AMEX,21,1478.21,36.76605098883679,8.88,7.390000000000001,1424.96,968.9047619047619
2025-07-12,BA_KIOSK_001,DISCOVER,12,941.98,15.08,3.77,4.71,918.4200000000001,733.75
2025-07-12,BA_KIOSK_001,MASTERCARD,10,1198.72,16.78,4.19,5.9799999999999995,1165.3183197905398,1057.3
2025-07-12,BA_KIOSK_001,VISA,15,1147.94,17.22,4.6000000000000005,5.75,1120.3700000000001,6864.533333333334
2025-07-12,BA_MOBILE_001,AMEX,12,500.9,12.530000000000001,3.0,2.49,482.88,1283.0833333333333
2025-07-12,BA_MOBILE_001,DISCOVER,8,417.25,6.67,1.66,2.08,406.84,1103.875
2025-07-12,BA_MOBILE_001,MASTERCARD,17,744.29,10.43,2.63,3.71,724.1900518274432,1034.2941176470588
2025-07-12,BA_MOBILE_001,VISA,13,506.27,7.6,2.03,2.52,494.12,1136.2307692307693
2025-07-12,BA_PARTNER_001,AMEX,11,1465.46,36.64,8.799999999999999,7.3100000000000005,1412.71,890.8181818181819
2025-07-12,BA_PARTNER_001,DISCOVER,15,2681.54,42.910000000000004,10.72,13.4,2614.5099999999998,1026.3333333333333
2025-07-12,BA_PARTNER_001,MASTERCARD,16,1705.48,23.88,5.98,8.53,1667.09,996.4375
2025-07-12,BA_PARTNER_001,VISA,13,1349.7,20.25,5.4,6.75,1317.3,1132.076923076923
2025-07-12,BA_PARTNER_002,AMEX,21,2097.2400000000002,52.44,12.56,10.5,2021.74,1093.904761904762
2025-07-12,BA_PARTNER_002,DISCOVER,9,734.54,11.75,2.94,3.66,716.19,995.1111111111111
2025-07-12,BA_PARTNER_002,MASTERCARD,15,2278.7,31.91,8.0,11.41,2227.38,1021.6
2025-07-12,BA_PARTNER_002,VISA,10,1252.9099999999999,18.79,5.02,6.26,1222.84,1267.9
2025-07-13,BA_CALLCENTER_001,AMEX,12,1067.01,26.67,6.41,5.33,1030.2197713340656,1080.8333333333333
2025-07-13,BA_CALLCENTER_001,DISCOVER,13,2086.84,33.4,8.34,10.43,2034.67,2681.0
2025-07-13,BA_CALLCENTER_001,MASTERCARD,9,964.74,13.49,3.37,4.84,943.04,999.6666666666666
2025-07-13,BA_CALLCENTER_001,VISA,12,784.52,11.77,3.15,3.92,765.6800000000001,848.4166666666666
2025-07-13,BA_ECOM_001,AMEX,16,4134.07,103.35,24.79,20.67,3985.26,1097.3125
2025-07-13,BA_ECOM_001,DISCOVER,10,881.46,14.11,3.51,4.41,859.4300000000001,1043.3
2025-07-13,BA_ECOM_001,MASTERCARD,10,7654.876204065741,25.79,6.45,9.209999999999999,1800.66,772.4
2025-07-13,BA_ECOM_001,VISA,14,6066.75,90.99,24.27,30.34,5921.15,959.2857142857143
2025-07-13,BA_ECOM_002,AMEX,7,1423.48,32.960723775560005,8.54,7.13,1372.21,1112.2857142857142
2025-07-13,BA_ECOM_002,DISCOVER,9,1540.02,24.63,6.16,7.6899999999999995,1501.54,1213.6666666666667
2025-07-13,BA_ECOM_002,MASTERCARD,14,3938.48,55.14,13.790000000000001,19.69,3836.1571224642244,1362.2857142857142
2025-07-13,BA_ECOM_002,VISA,8,1771.99,26.58,7.1,8.870000000000001,1729.44,1384.75
2025-07-13,BA_KIOSK_001,AMEX,12,615.62,15.389999999999999,3.7,3.0700000000000003,593.46,1126.5
2025-07-13,BA_KIOSK_001,DISCOVER,13,823.03,13.17,3.29,4.11,802.46,927.0769230769231
2025-07-13,BA_KIOSK_001,MASTERCARD,16,1534.28,21.46,5.37,7.68,1499.77,1055.0
2025-07-13,BA_KIOSK_001,VISA,7,755.08,11.33,3.02,3.7800000000000002,736.95,1221.2857142857142
2025-07-13,BA_MOBILE_001,AMEX,10,517.37,12.95,3.09,2.59,498.74,866.1
2025-07-13,BA_MOBILE_001,DISCOVER,6,407.93,6.53,1.62,2.04,397.74,1018.0
2025-07-13,BA_MOBILE_001,MASTERCARD,13,637.11,8.92,2.22,3.18,622.79,1149.5384615384614
2025-07-13,BA_MOBILE_001,VISA,11,517.6,7.7700000000000005,2.07,2.58,505.18,1014.4545454545455
2025-07-13,BA_PARTNER_001,AMEX,9,1632.52,40.81,9.790000000000001,8.17,1573.75,1203.7777777777778
2025-07-13,BA_PARTNER_001,DISCOVER,13,1673.6100000000001,26.77,6.7,8.370000000000001,1631.77,985.8461538461538
2025-07-13,BA_PARTNER_001,MASTERCARD,9,926.7633538466051,13.129999999999999,3.29,4.7,916.36,1100.2222222222222
2025-07-13,BA_PARTNER_001,VISA,11,547.94,8.209999999999999,2.21,2.74,534.78,1008.8181818181819
2025-07-13,BA_PARTNER_002,AMEX,10,824.03,20.59,4.95,4.12,794.37,956.5
2025-07-13,BA_PARTNER_002,DISCOVER,7,423.65,6.78,1.69,2.12,413.06,1008.5714285714286
2025-07-13,BA_PARTNER_002,MASTERCARD,8,874.52,12.23,3.08,4.359999999999999,854.8499999999999,1044.125
2025-07-13,BA_PARTNER_002,VISA,7,1015.65,15.23,4.050000000000001,5.08,991.29,1241.2857142857142
2025-07-14,BA_CALLCENTER_001,AMEX,14,1185.67,29.66,7.12,5.94,1142.95,820.2142857142857
2025-07-14,BA_CALLCENTER_001,DISCOVER,8,481.13,7.7,1.93,2.39,469.10999999999996,1198.875
2025-07-14,BA_CALLCENTER_001,MASTERCARD,12,1696.96,23.76,5.94,8.46,1675.8939815231192,993.0833333333334
2025-07-14,BA_CALLCENTER_001,VISA,18,3281.8199999999997,49.2,13.12,16.39,3203.1099999999997,1187.0
2025-07-14,BA_ECOM_001,AMEX,17,2878.4,71.95,17.28,14.39,2774.78,952.7647058823529
2025-07-14,BA_ECOM_001,DISCOVER,10,1697.91,27.18,6.779999999999999,8.48,1655.47,1202.6
2025-07-14,BA_ECOM_001,MASTERCARD,11,2709.84,35.88316567030358,9.48,13.549999999999999,2648.88,1252.1818181818182
2025-07-14,BA_ECOM_001,VISA,11,2141.3,32.120000000000005,8.55,10.709999999999999,2089.92,1007.1818181818181
2025-07-14,BA_ECOM_002,AMEX,11,11937.552417115932,54.839999999999996,13.17,10.969999999999999,2114.39,777.6363636363636
2025-07-14,BA_ECOM_002,DISCOVER,14,5285.49,84.56,21.14,26.42,5153.37,1195.357142857143
2025-07-14,BA_ECOM_002,MASTERCARD,16,2438.15,33.42892689805384,8.53,12.2,2372.7202703005787,845.625
2025-07-14,BA_ECOM_002,VISA,8,1131.78,16.98,4.529999999999999,5.6499999999999995,1104.6200000000001,826.0
2025-07-14,BA_KIOSK_001,AMEX,7,747.16,18.68,4.4799999999999995,3.7399999999999998,720.26,811.4285714285714
2025-07-14,BA_KIOSK_001,DISCOVER,16,2764.754911498502,22.72,5.69,7.1,1383.55,735.875
2025-07-14,BA_KIOSK_001,MASTERCARD,12,1777.9799999999998,24.869999999999997,6.21,8.89,1738.01,4168.333333333333
2025-07-14,BA_KIOSK_001,VISA,18,2766.7903927641037,20.98,5.61,7.0,1365.73,1181.3333333333333
2025-07-14,BA_MOBILE_001,AMEX,16,571.9,14.04678121925685,3.43,2.86,551.31,864.0
2025-07-14,BA_MOBILE_001,DISCOVER,7,169.19,2.71,0.68,0.8500000000000001,164.95,988.0
2025-07-14,BA_MOBILE_001,MASTERCARD,16,1106.73,15.49,3.87,5.52,1081.85,1014.125
2025-07-14,BA_MOBILE_001,VISA,17,688.9300000000001,10.33,2.75,3.43,672.42,3110.1176470588234
2025-07-14,BA_PARTNER_001,AMEX,9,1017.2437854838178,26.45,6.3500000000000005,5.29,1019.7199999999999,1092.888888888889
2025-07-14,BA_PARTNER_001,DISCOVER,9,530.14,8.48,2.12,2.64,516.9,931.1111111111111
2025-07-14,BA_PARTNER_001,MASTERCARD,9,973.69,13.629999999999999,3.4,4.87,951.7900000000001,1386.4444444444443
2025-07-14,BA_PARTNER_001,VISA,11,758.22,11.37,3.03,3.79,740.03,977.0
2025-07-14,BA_PARTNER_002,AMEX,8,1261.15,31.52,7.57,6.3,1215.76,1182.25
2025-07-14,BA_PARTNER_002,DISCOVER,11,1285.0900000000001,20.56,5.13,6.43,1252.97,1249.3636363636363
2025-07-14,BA_PARTNER_002,MASTERCARD,15,3322.21,46.53,11.62,16.6,3247.46,1200.6666666666667
2025-07-14,BA_PARTNER_002,VISA,6,1615.43,24.240000000000002,6.46,8.09,1576.6399999999999,630.3333333333334
2025-07-15,BA_CALLCENTER_001,AMEX,9,1067.27,26.68,6.3999999999999995,5.34,1028.85,1137.7777777777778
2025-07-15,BA_CALLCENTER_001,DISCOVER,4,349.15999999999997,5.59,1.3900000000000001,1.74,340.44,1504.25
2025-07-15,BA_CALLCENTER_001,MASTERCARD,13,1502.66,21.03,5.27,7.53,1468.83,872.0769230769231
2025-07-15,BA_CALLCENTER_001,VISA,5,276.21999999999997,4.15,1.1,1.3900000000000001,269.58,1293.6
2025-07-15,BA_ECOM_001,AMEX,9,7168.74,179.23,43.02,35.85,6910.639999999999,1045.5555555555557
2025-07-15,BA_ECOM_001,DISCOVER,7,1462.74,23.41,5.85,7.3100000000000005,1426.17,1181.5714285714287
2025-07-15,BA_ECOM_001,MASTERCARD,8,1790.8400000000001,25.09,6.27,8.94,1750.54,632.875
2025-07-15,BA_ECOM_001,VISA,10,3531.59,52.96,14.14,17.66,3446.83,951.4
2025-07-15,BA_ECOM_002,AMEX,6,1124.85,28.13,6.75,5.62,1084.3500000000001,1131.1666666666667
2025-07-15,BA_ECOM_002,DISCOVER,11,3251.19,52.03,13.01,16.27,3169.88,1039.0
2025-07-15,BA_ECOM_002,MASTERCARD,11,1748.79,24.490000000000002,6.12,8.75,1709.4299999999998,1106.909090909091
2025-07-15,BA_ECOM_002,VISA,10,3302.91,49.54,13.209999999999999,16.51,3223.65,1258.3
2025-07-15,BA_KIOSK_001,AMEX,9,1110.57,27.76,6.68,5.550000000000001,1070.58,776.5555555555555
2025-07-15,BA_KIOSK_001,DISCOVER,8,749.56,11.99,3.0,3.7399999999999998,730.83,986.875
2025-07-15,BA_KIOSK_001,MASTERCARD,7,288.99349756330474,4.35,1.09,1.55,303.65,1108.2857142857142
2025-07-15,BA_KIOSK_001,VISA,5,505.5,7.6,2.02,2.5300000000000002,493.35,1126.6
2025-07-15,BA_MOBILE_001,AMEX,10,238.54485662759637,6.18,1.48,1.24,238.1,1024.9
2025-07-15,BA_MOBILE_001,DISCOVER,7,253.9,4.06,1.02,1.27,247.55,1068.5714285714287
2025-07-15,BA_MOBILE_001,MASTERCARD,5,391.09,5.48,1.36,1.9600000000000002,382.29,771.0
2025-07-15,BA_MOBILE_001,VISA,12,451.37,6.78,1.81,2.25,440.53,1046.0833333333333
2025-07-15,BA_PARTNER_001,AMEX,8,1185.82,29.639999999999997,7.120000000000001,5.93,1143.1299999999999,1305.125
2025-07-15,BA_PARTNER_001,DISCOVER,13,709.72,11.36,2.84,3.55,691.97,1170.7692307692307
2025-07-15,BA_PARTNER_001,MASTERCARD,11,1200.93,16.81,4.22,6.01,1173.8899999999999,1214.0
2025-07-15,BA_PARTNER_001,VISA,5,278.75,4.1899999999999995,1.12,1.3900000000000001,272.05,1209.6
2025-07-15,BA_PARTNER_002,AMEX,7,954.9699999999999,23.869999999999997,5.720000000000001,4.77,920.61,1200.4285714285713
2025-07-15,BA_PARTNER_002,DISCOVER,17,1537.96,24.6,6.15,7.68,1499.5300000000002,991.0
2025-07-15,BA_PARTNER_002,MASTERCARD,13,2181.02,30.52,7.63,10.92,2131.95,1026.3076923076924
2025-07-15,BA_PARTNER_002,VISA,14,1654.52,24.79,6.62,8.27,1614.8400000000001,929.1428571428571
